food,Caloric_Value,Fat,Saturated_Fats,Monounsaturated_Fats,Polyunsaturated_Fats,Carbohydrates,Sugars,Protein,Dietary_Fiber,Cholesterol,Sodium,Water,Vitamin_A,Vitamin_B1,Vitamin_B11,Vitamin_B12,Vitamin_B2,Vitamin_B3,Vitamin_B5,Vitamin_B6,Vitamin_C,Vitamin_D,Vitamin_E,Vitamin_K,Calcium,Copper,Iron,Magnesium,Manganese,Phosphorus,Potassium,Selenium,Zinc,Nutrition_Density,Protein_ratio,Fat_ratio,Carbohydrates_ratio,Calorie_Density,Health_Score,Food_Category
mozzarella cheese fat free,159.0,0.0,0.0,0.0,0.0,4.0,1.7,35.8,2.0,20.3,0.8,68.0,0.1,0.079,0.011,0.025,0.3,0.1,0.0,0.055,0.0,0.0,0.2,0.018,1085.9,0.077,0.4,37.3,0.0,741.3,119.8,0.035,4.4,1128.2,89.95,0.0,10.05,1.59,71.2,High_Protein
chicken spread,88.0,9.8,1.8,2.7,1.3,2.3,0.3,10.1,0.2,31.4,0.4,32.1,0.076,0.06,0.048,0.064,0.003,1.5,0.2,0.016,0.0,0.0,0.0,0.0,9.0,0.049,0.5,6.7,0.083,49.8,59.4,0.029,0.6,31.972,45.5,44.14,10.36,0.88,10.1,High_Protein
beef empanada,298.0,16.3,4.6,6.3,3.8,27.8,1.6,10.1,1.8,23.1,0.4,33.4,0.0,0.2,0.0,0.094,0.2,4.2,0.4,0.1,0.0,0.0,0.6,0.072,17.8,0.051,2.4,18.7,0.2,91.7,169.1,0.037,1.7,76.2,18.63,30.07,51.29,2.98,3.4,High_Carb
frijoles with cheese,225.0,7.8,4.1,2.6,0.7,28.7,0.0,11.4,0.0,36.7,0.9,115.4,0.008,0.1,0.1,0.085,0.3,1.5,1.1,0.2,1.5,0.0,0.0,0.0,188.7,0.3,2.2,85.2,0.5,175.4,604.5,0.013,1.7,240.305,23.8,16.28,59.92,2.25,15.0,High_Carb
turkey and gravy,161.0,6.3,2.0,2.3,1.1,11.1,0.0,14.1,0.0,43.2,1.3,204.2,0.018,0.067,0.058,0.099,0.3,4.3,0.5,0.2,0.0,0.0,0.0,0.0,33.6,0.035,2.2,19.2,0.045,194.4,146.4,0.003,1.7,67.374,44.76,20.0,35.24,1.61,21.9,High_Protein
crab cake,160.0,10.4,2.2,4.3,3.1,5.1,0.0,11.3,0.2,82.2,0.5,32.0,0.062,0.039,0.07,0.019,0.016,1.2,0.3,0.1,0.2,0.0,0.0,0.0,202.2,0.4,1.1,25.2,0.3,226.8,162.0,0.029,2.1,230.596,42.16,38.81,19.03,1.6,12.5,High_Protein
taco with chicken cheese lettuce,185.0,6.2,2.5,1.6,1.6,19.3,1.3,13.0,1.2,28.4,0.6,57.3,0.014,0.2,0.029,0.094,0.1,5.1,0.0,0.1,0.2,0.017,0.2,0.075,119.6,0.012,1.6,23.5,0.2,239.1,212.7,0.093,0.7,161.153,33.77,16.1,50.13,1.85,19.0,High_Carb
spinach souffle,230.0,17.6,10.1,5.0,1.0,8.0,2.5,10.7,1.0,160.5,0.8,96.2,0.2,0.1,0.025,0.061,0.4,0.7,0.6,0.1,9.9,0.063,1.3,0.2,224.4,0.093,1.6,40.8,0.4,189.0,314.2,0.01,1.2,273.4,29.48,48.48,22.04,2.3,0.3,Balanced
chili con carne,271.0,8.8,3.2,3.6,1.0,33.1,4.7,14.7,8.3,22.8,1.1,191.5,0.4,0.095,0.049,0.005,0.091,0.029,2.0,3.6,0.3,0.5,0.0,1.3,0.063,83.5,0.6,3.4,70.8,0.4,220.1,667.9,0.039,66.245,25.97,15.55,58.48,2.71,23.65,High_Carb
tamale navajo,285.0,11.4,4.5,5.1,1.3,33.7,1.8,11.7,5.8,31.6,0.8,126.7,0.0,0.057,0.069,0.032,0.1,3.0,0.4,0.3,3.2,0.0,0.0,0.0,53.9,0.1,2.3,40.9,0.3,184.1,243.7,0.053,2.8,122.0,20.6,20.07,59.33,2.85,17.1,High_Carb
pupusas del cerdo,283.0,12.7,3.9,4.8,2.7,28.1,1.8,14.0,3.2,35.4,0.5,64.8,0.064,0.1,0.0,0.057,0.1,2.9,0.8,0.3,0.0,0.0,0.4,0.016,59.8,0.06,1.2,46.4,0.2,197.6,311.1,0.091,2.0,119.087,25.55,23.18,51.28,2.83,16.5,High_Carb
pork tamale,247.0,12.8,3.8,4.6,2.9,22.4,0.7,10.4,3.4,28.4,0.7,93.8,0.037,0.045,0.0,0.045,0.05,1.8,0.5,0.2,0.0,0.0,0.8,0.033,106.5,0.043,1.2,36.9,0.3,170.4,215.8,0.048,1.7,156.766,22.81,28.07,49.12,2.47,11.7,Balanced
taco salad with chili con carne,193.0,8.8,4.0,3.0,1.0,17.7,0.0,11.6,0.0,3.5,0.6,133.6,0.1,0.1,0.067,0.063,0.3,1.7,1.0,0.3,2.3,0.0,0.0,0.0,163.6,0.2,1.8,34.8,0.2,102.7,261.0,0.0,2.2,205.9,30.45,23.1,46.46,1.93,14.4,Balanced
vegetarian fillets,247.0,15.3,2.4,3.7,7.9,7.7,0.7,19.6,5.2,0.0,0.4,38.3,0.0,0.9,0.026,0.014,0.8,10.2,0.0,1.3,0.0,0.0,2.9,0.0,80.8,0.8,1.7,19.6,0.0,382.5,510.0,0.043,1.2,130.3,46.01,35.92,18.08,2.47,30.3,High_Protein
spaghetti with meat sauce,255.0,2.9,1.0,0.9,0.9,43.1,7.4,14.3,5.1,17.0,0.7,220.2,0.0,0.3,0.1,0.077,3.8,0.5,0.2,0.2,15.3,0.0,1.4,0.002,50.9,0.4,3.5,42.5,0.6,138.7,407.5,0.061,1.4,135.1,23.71,4.81,71.48,2.55,18.55,High_Carb
pasta with meatballs in tomato sauce,273.0,13.0,5.0,5.7,0.9,28.3,7.2,10.6,6.9,23.0,0.7,199.5,0.052,0.2,0.089,0.042,0.3,5.1,0.5,0.2,7.7,0.061,2.0,0.027,30.6,0.2,3.3,35.7,0.6,117.3,359.6,0.023,1.5,100.474,20.42,25.05,54.53,2.73,4.15,High_Carb
pasta with sliced franks in tomato sauce,227.0,6.0,2.5,2.5,1.0,32.0,8.0,11.0,4.0,22.7,0.7,197.1,0.054,0.2,0.1,0.031,0.2,2.9,0.6,0.2,9.6,0.07,1.9,0.072,151.2,0.3,2.3,35.3,0.3,108.4,481.3,0.02,1.3,216.154,22.45,12.24,65.31,2.27,6.0,High_Carb
vegetable chicken soup,166.0,4.8,1.4,2.2,1.0,21.1,3.4,12.3,1.0,16.9,0.075,201.0,0.05,0.069,0.09,0.031,0.2,3.3,0.0,0.083,5.5,0.0,0.7,0.054,26.5,0.2,1.5,9.6,0.0,106.0,368.7,0.038,2.2,72.737,32.2,12.57,55.24,1.66,14.5,High_Carb
bean ham soup,198.0,2.5,0.6,1.0,0.7,33.5,7.8,10.3,9.8,4.9,0.5,195.8,0.0,0.1,0.099,0.0,0.068,0.8,0.3,0.1,2.7,0.0,1.0,0.035,93.1,0.2,2.5,46.6,0.6,31.9,387.1,0.021,1.3,154.4,22.25,5.4,72.35,1.98,17.2,High_Carb
scotch broth,197.0,6.4,2.7,1.9,1.3,23.0,0.0,12.1,3.0,11.9,2.1,249.7,0.0,0.059,0.085,0.031,0.1,2.8,0.8,0.2,2.1,0.0,0.2,0.0,35.8,0.6,2.0,8.9,0.9,134.1,387.4,0.026,3.9,84.4,29.16,15.42,55.42,1.97,22.3,High_Carb
chili with beans canned,287.0,14.1,6.0,6.0,0.9,30.5,3.0,14.6,11.3,43.5,1.3,193.3,0.0,0.1,0.018,0.0,0.3,0.9,3.6,0.3,4.4,0.0,1.3,0.074,120.3,0.3,8.8,115.2,0.3,394.2,934.4,0.018,5.1,204.0,24.66,23.82,51.52,2.87,26.05,High_Carb
black bean soup,234.0,3.4,0.9,1.2,1.1,39.6,6.4,12.4,17.5,0.0,2.5,193.6,0.0,0.1,0.2,0.0,0.1,1.1,0.4,0.2,0.5,0.0,0.9,0.035,90.0,0.8,3.9,84.8,1.3,192.8,642.5,0.0,2.8,167.3,22.38,6.14,71.48,2.34,34.85,High_Carb
split pea soup with ham bacon,189.0,3.1,0.9,1.2,0.6,28.6,0.0,11.6,4.1,4.1,1.0,88.3,0.0,0.0,0.0,0.0,0.0,0.0,0.0,0.0,0.0,0.0,0.0,0.0,0.0,0.0,2.1,0.0,0.0,0.0,0.0,0.0,0.0,49.5,26.79,7.16,66.05,1.89,26.25,High_Carb
chicken broth soup,78.0,2.6,0.8,1.2,0.6,1.9,0.9,11.1,0.0,2.5,1.6,231.7,0.0,0.054,0.092,0.067,0.1,5.6,0.1,0.035,0.0,0.0,0.048,0.0,15.1,0.3,1.0,5.0,0.5,151.2,428.4,0.024,0.5,31.7,71.15,16.67,12.18,0.78,17.8,High_Protein
chicken dumplings soup,235.0,13.4,3.2,6.1,3.2,14.7,1.4,13.6,1.2,80.5,1.8,249.8,0.077,0.074,0.027,0.024,0.2,4.3,0.4,0.037,0.0,0.0,1.3,0.086,35.8,0.3,1.5,8.9,1.2,149.0,283.1,0.048,0.9,80.269,32.61,32.13,35.25,2.35,12.8,Balanced
gazpacho soup,70.0,0.4,0.008,0.059,0.1,6.6,2.2,10.7,0.7,0.0,1.1,346.0,0.0,0.058,0.012,0.0,0.091,1.4,0.3,0.2,10.7,0.0,0.7,0.041,36.9,0.2,1.5,11.1,1.1,55.4,339.5,0.019,0.4,67.5,60.45,2.26,37.29,0.7,17.65,High_Protein
beef mushroom soup,186.0,7.3,3.7,3.1,0.3,15.9,0.0,14.0,0.6,15.3,2.2,260.8,0.0,0.071,0.044,0.035,0.2,2.7,0.6,0.1,0.0,0.0,0.0,0.0,12.2,0.6,2.1,21.4,0.9,88.5,384.3,0.0,3.4,52.1,37.63,19.62,42.74,1.86,21.6,Balanced
chicken rice soup,127.0,3.2,1.0,1.4,0.7,13.0,1.4,12.3,1.0,12.0,0.9,208.3,0.047,0.018,0.074,0.051,0.002,4.1,0.4,0.012,3.8,0.0,0.6,0.084,33.6,0.2,1.9,9.6,0.2,72.0,108.0,0.077,1.0,68.818,43.16,11.23,45.61,1.27,20.1,High_Protein
chicken soup,174.0,6.5,1.9,2.9,1.3,16.9,2.1,12.4,1.5,29.4,0.9,206.1,0.027,0.055,0.072,0.049,0.2,4.3,0.4,0.03,1.2,0.0,0.3,0.085,24.5,0.2,1.7,7.4,0.2,110.3,171.5,0.099,1.0,64.716,34.64,18.16,47.21,1.74,16.35,Balanced
turkey soup,135.0,4.4,1.2,1.8,1.1,14.1,0.0,10.2,0.0,9.4,0.9,203.8,0.0,0.045,0.014,0.079,0.1,3.6,0.9,0.3,6.4,0.0,0.0,0.0,49.6,0.2,1.9,23.6,0.2,103.8,361.1,0.0,2.1,86.6,35.54,15.33,49.13,1.35,16.0,Balanced
chili without beans canned,283.0,17.0,5.4,5.9,1.1,14.6,0.0,18.1,0.0,50.4,0.9,186.4,0.0,0.044,0.0,0.039,0.3,3.0,0.4,0.3,4.3,0.0,0.0,0.0,72.0,0.5,4.8,48.0,0.7,184.8,444.0,0.043,2.7,130.8,36.42,34.21,29.38,2.83,19.2,Balanced
vegetable beef soup,128.0,2.0,0.6,0.7,0.3,9.6,0.0,18.1,4.4,8.8,1.1,258.7,0.0,0.0,0.0,0.0,0.0,0.0,0.0,0.0,0.0,0.0,0.0,0.0,0.0,0.0,0.0,0.0,0.0,0.0,0.0,0.0,0.0,34.1,60.94,6.73,32.32,1.28,40.8,High_Protein
crab soup,95.0,0.8,0.2,0.2,0.3,12.5,0.0,10.4,2.4,41.5,0.6,217.4,0.0,0.064,0.07,0.088,0.1,2.5,0.3,0.1,9.3,0.0,0.0,0.041,83.0,0.5,1.9,41.5,0.5,153.7,434.3,0.049,1.9,120.3,43.88,3.38,52.74,0.95,23.6,High_Protein
tripe soup,148.0,5.2,2.1,2.2,0.6,8.1,0.0,17.2,0.0,118.0,0.8,166.8,0.0,0.041,0.0,0.093,0.011,1.0,0.3,0.013,0.0,0.0,0.8,0.031,44.0,0.049,1.4,20.0,0.1,84.0,162.0,0.039,2.1,75.9,56.39,17.05,26.56,1.48,29.2,High_Protein
crispy chicken drumstick kentucky fried chicken,70.0,3.0,0.8,1.2,0.8,0.0,0.0,10.6,0.0,56.2,0.2,26.6,0.025,0.08,0.0,0.08,0.1,2.2,0.5,0.1,0.0,0.0,0.0,0.0,6.6,0.098,0.4,9.4,0.091,91.8,111.9,0.015,1.0,20.632,77.94,22.06,0.0,0.7,18.2,High_Protein
chicken crispy drumsticks kentucky fried chicken,156.0,10.1,2.2,3.4,3.6,4.5,0.0,11.8,0.0,62.1,0.4,29.3,0.071,0.045,0.0,0.028,0.1,2.6,0.6,0.1,0.0,0.0,0.0,0.0,14.3,0.2,0.5,12.0,0.06,112.9,135.1,0.064,1.0,41.248,44.7,38.26,17.05,1.56,13.5,High_Protein
hotdog with chili,296.0,13.4,4.9,6.6,1.2,31.3,0.0,13.5,0.0,51.3,0.5,54.5,0.0,0.2,0.031,0.017,0.4,3.7,0.5,0.003,2.7,0.0,0.0,0.0,19.4,0.1,3.3,10.3,0.1,191.5,166.4,0.038,0.8,83.6,23.2,23.02,53.78,2.96,13.6,High_Carb
crispy chicken wing kentucky fried chicken,104.0,5.3,1.1,1.7,1.8,1.3,0.0,12.6,0.0,64.2,0.3,23.7,0.019,0.029,0.0,0.023,0.032,3.1,0.5,0.2,0.0,0.0,0.0,0.0,13.2,0.006,0.4,11.0,0.085,99.4,116.6,0.033,0.8,32.851,65.63,27.6,6.77,1.04,19.9,High_Protein
crispy chicken breast kentucky fried chicken,214.0,6.7,1.7,2.4,2.3,0.4,0.0,38.2,0.0,121.8,0.7,92.0,0.061,0.049,0.0,0.055,0.2,15.3,2.3,0.6,0.0,0.0,0.0,0.0,28.0,0.008,0.7,39.2,0.092,354.2,432.6,0.042,1.2,74.065,84.33,14.79,0.88,2.14,69.7,High_Protein
crispy chicken thigh kentucky fried chicken,163.0,9.1,2.5,3.8,2.1,0.0,0.0,20.4,0.0,107.4,0.5,59.8,0.078,0.043,0.0,0.057,0.2,4.8,1.2,0.3,0.0,0.0,0.0,0.0,19.1,0.037,0.9,20.0,0.095,202.9,246.6,0.04,1.7,49.591,69.15,30.85,0.0,1.63,31.7,High_Protein
egg mcmuffin mcdonalds,287.0,12.2,4.5,3.4,2.2,27.3,2.7,17.2,1.4,207.9,0.8,66.3,0.1,0.0,0.3,0.038,0.0,0.5,3.9,1.1,0.2,1.5,0.0,0.7,0.0,241.9,0.1,2.9,25.2,0.3,252.0,218.0,0.0,58.5,30.34,21.52,48.15,2.87,18.9,Balanced
veggie burger,124.0,4.4,1.0,1.2,1.4,10.0,0.7,11.0,3.4,3.5,0.4,42.8,0.0,1.9,0.045,0.02,0.2,2.6,0.2,0.2,3.2,0.0,0.2,0.069,95.2,0.1,1.7,39.2,0.7,144.2,233.1,0.017,0.9,128.9,43.31,17.32,39.37,1.24,21.3,High_Protein
cheeseburger,292.0,13.2,6.0,5.1,1.4,28.7,5.9,15.0,1.6,41.4,0.6,55.3,0.5,0.087,0.4,0.083,0.091,0.2,3.5,0.3,1.1,0.7,0.042,0.3,0.04,105.8,0.1,3.2,25.3,0.3,154.1,204.7,0.021,60.289,26.36,23.2,50.44,2.92,7.4,High_Carb
hamburger burger king,258.0,10.4,3.8,4.2,1.2,26.5,5.5,14.7,2.0,34.7,0.5,45.5,0.5,0.0,0.3,0.026,0.0,0.2,3.9,0.2,0.056,0.2,0.0,0.068,0.049,75.2,0.1,2.8,24.8,0.3,124.7,214.8,0.055,54.28,28.49,20.16,51.36,2.58,11.0,High_Carb
hamburger,255.0,9.9,3.5,3.7,1.3,28.7,5.8,12.9,1.7,28.1,0.5,43.5,0.4,0.088,0.3,0.082,0.092,0.2,3.9,0.3,0.1,0.3,0.041,0.053,0.068,112.5,0.027,2.8,21.3,0.2,106.7,191.1,0.017,53.859,25.05,19.22,55.73,2.55,6.85,High_Carb
hamburger mcdonalds,251.0,9.6,3.3,3.6,1.3,28.8,5.7,12.3,1.2,25.7,0.5,42.3,0.4,0.0,0.2,0.03,0.008,0.2,4.3,0.0,0.0,0.6,0.0,0.0,0.0,120.7,0.049,2.7,20.0,0.3,101.7,182.4,0.066,52.357,24.26,18.93,56.8,2.51,5.4,High_Carb
pepperoni pizza pizza hut,269.0,10.9,5.0,3.9,2.0,30.3,3.5,12.3,1.6,25.0,0.8,39.7,0.087,0.3,0.0,0.073,0.3,3.9,0.4,0.1,0.0,0.0,0.7,0.037,148.8,0.038,2.1,22.1,0.4,209.3,198.7,0.021,1.6,206.086,22.99,20.37,56.64,2.69,9.1,High_Carb
cheese pizza pizza hut,260.0,10.5,4.8,2.8,1.8,30.0,3.2,11.5,1.7,23.0,0.7,41.6,0.075,0.3,0.0,0.033,0.2,3.2,0.3,0.1,0.0,0.0,0.7,0.039,200.6,0.003,1.9,21.1,0.3,239.0,166.1,0.022,1.6,256.272,22.12,20.19,57.69,2.6,8.65,High_Carb
cheese pizza,285.0,10.4,4.8,2.8,1.8,35.7,3.8,12.2,2.5,18.2,0.6,46.2,0.3,0.001,0.4,0.014,0.023,0.2,4.1,0.0,0.066,1.5,0.0,0.9,0.082,201.2,0.1,2.7,25.7,0.4,231.1,184.0,0.031,61.304,20.93,17.84,61.23,2.85,10.15,High_Carb
cheese pizza dominos,278.0,9.7,4.4,2.3,2.0,35.9,4.3,11.7,2.4,18.4,0.6,48.5,0.068,0.3,0.0,0.037,0.2,3.6,0.5,0.051,1.0,0.0,1.1,0.028,180.4,0.1,2.5,25.9,0.3,220.3,173.9,0.026,1.3,243.663,20.42,16.93,62.65,2.78,8.7,High_Carb
sucker raw,146.0,3.7,0.7,1.1,1.3,0.0,0.0,26.6,0.0,65.2,0.0,126.7,0.041,0.095,0.028,0.063,0.1,1.9,1.2,0.3,0.0,0.0,0.0,0.0,111.3,0.3,2.1,47.7,1.0,333.9,604.2,0.056,1.2,143.779,87.79,12.21,0.0,1.46,49.5,High_Protein
haddock cooked,135.0,0.8,0.2,0.1,0.3,0.0,0.0,30.0,0.0,99.0,0.4,119.5,0.012,0.099,0.035,0.045,0.1,6.2,0.7,0.5,0.0,0.064,0.8,0.004,21.0,0.042,0.3,39.0,0.06,417.0,526.5,0.055,0.6,52.159,97.4,2.6,0.0,1.35,59.2,High_Protein
burbot cooked,104.0,0.9,0.2,0.2,0.3,0.0,0.0,22.3,0.0,69.3,0.1,66.1,0.071,0.4,0.059,0.087,0.2,1.8,0.2,0.3,0.0,0.0,0.0,0.0,57.6,0.2,1.0,36.9,0.8,230.4,466.2,0.002,0.9,81.891,96.12,3.88,0.0,1.04,43.7,High_Protein
whitefish cooked,265.0,11.6,1.8,3.9,4.2,0.0,0.0,37.7,0.0,118.6,0.1,100.2,0.082,0.3,0.0,0.027,0.2,5.9,1.3,0.5,0.0,0.0,0.0,0.0,50.8,0.1,0.7,64.7,0.1,532.8,625.2,0.08,2.0,100.864,76.47,23.53,0.0,2.65,63.8,High_Protein
walleye pike raw,148.0,1.9,0.4,0.5,0.7,0.0,0.0,30.4,0.0,136.7,0.011,126.1,0.083,0.4,0.032,0.006,0.3,3.7,1.2,0.2,0.0,0.0,0.0,0.0,174.9,0.3,2.1,47.7,1.3,333.9,618.5,0.011,1.0,209.316,94.12,5.88,0.0,1.48,58.9,High_Protein
carp cooked,275.0,12.2,2.4,5.1,3.1,0.0,0.0,38.9,0.0,142.8,0.1,118.4,0.02,0.2,0.056,0.09,0.1,3.6,1.5,0.4,2.7,0.0,0.0,0.0,88.4,0.1,2.7,64.6,0.074,902.7,725.9,0.082,3.2,144.989,76.13,23.87,0.0,2.75,65.6,High_Protein
wolffish cooked,293.0,7.3,1.1,2.6,2.6,0.0,0.0,53.4,0.0,140.4,0.3,176.7,0.3,0.5,0.063,0.08,0.2,6.2,1.6,1.1,0.0,0.0,0.0,0.0,19.0,0.048,0.3,90.4,0.075,609.3,916.3,0.1,2.4,80.3,87.97,12.03,0.0,2.93,99.5,High_Protein
snapper cooked,218.0,2.9,0.6,0.5,1.0,0.0,0.0,44.7,0.0,79.9,0.066,119.6,0.071,0.009,0.094,0.05,0.065,0.6,1.5,0.8,2.7,0.0,0.0,0.0,68.0,0.027,0.4,62.9,0.034,341.7,887.4,0.07,0.7,118.742,93.91,6.09,0.0,2.18,86.5,High_Protein
herring raw,291.0,16.6,3.8,6.9,3.9,0.0,0.0,33.0,0.0,110.4,0.2,132.6,0.027,0.2,0.084,0.016,0.4,5.9,1.2,0.6,1.3,0.005,2.0,0.033,104.9,0.2,2.0,58.9,0.098,434.2,601.7,0.022,1.8,157.898,66.53,33.47,0.0,2.91,49.4,High_Protein
cod raw,189.0,1.5,0.3,0.2,0.5,0.0,0.0,41.1,0.0,99.3,0.1,187.6,0.045,0.2,0.016,0.061,0.2,4.8,0.4,0.6,2.3,0.083,1.5,0.021,37.0,0.023,0.9,73.9,0.013,468.9,954.0,0.096,1.0,82.88,96.48,3.52,0.0,1.89,80.7,High_Protein
tilapia raw,111.0,2.0,0.7,0.6,0.4,0.0,0.0,23.3,0.0,58.0,0.009,90.6,0.0,0.094,0.09,0.02,0.036,4.5,0.6,0.2,0.0,0.019,0.5,0.068,11.6,0.087,0.6,31.3,0.081,197.2,350.3,0.039,0.4,37.5,92.09,7.91,0.0,1.11,44.6,High_Protein
whiting cooked,84.0,1.2,0.3,0.3,0.4,0.0,0.0,16.9,0.0,60.5,0.018,53.8,0.064,0.04,0.075,0.045,0.05,1.2,0.2,0.1,0.0,0.027,0.3,0.075,44.6,0.01,0.3,19.4,0.017,205.2,312.5,0.077,0.4,63.037,93.37,6.63,0.0,0.84,32.6,High_Protein
trout cooked,118.0,5.3,0.9,2.6,1.2,0.0,0.0,16.5,0.0,45.9,0.027,39.3,0.02,0.3,0.019,0.026,0.3,3.6,1.4,0.1,0.3,0.0,0.0,0.0,34.1,0.1,1.2,17.4,0.7,194.7,287.1,0.096,0.5,57.496,75.69,24.31,0.0,1.18,27.7,High_Protein
swordfish raw,196.0,9.0,2.2,4.0,1.6,0.0,0.0,26.7,0.0,89.8,0.1,99.8,0.04,0.1,0.036,0.02,0.071,10.6,0.5,0.7,0.0,0.082,2.7,0.023,6.8,0.051,0.5,39.4,0.059,346.8,568.5,0.021,0.9,43.072,74.79,25.21,0.0,1.96,44.4,High_Protein
rainbow trout cooked,119.0,5.2,1.2,1.7,1.3,0.0,0.0,16.9,0.0,49.7,0.041,48.8,0.09,0.024,0.1,0.035,0.011,0.077,4.7,1.4,0.3,2.1,0.092,2.0,0.003,21.3,0.093,0.3,21.3,0.043,191.7,319.5,0.059,22.557,76.47,23.53,0.0,1.19,28.6,High_Protein
mullet raw,139.0,4.5,1.3,1.3,0.9,0.0,0.0,23.0,0.0,58.3,0.098,91.6,0.048,0.1,0.002,0.092,0.07,6.2,0.9,0.5,1.4,0.065,1.2,0.066,48.8,0.0,1.2,34.5,0.005,263.0,424.8,0.053,0.6,78.949,83.64,16.36,0.0,1.39,41.5,High_Protein
lingcod raw,213.0,2.7,0.5,0.9,0.8,0.0,0.0,44.2,0.0,130.0,0.1,202.6,0.079,0.067,0.04,0.093,0.3,4.8,1.9,0.8,0.0,0.0,0.0,0.0,35.0,0.024,0.8,65.0,0.035,502.5,1092.5,0.025,1.1,82.778,94.24,5.76,0.0,2.13,85.7,High_Protein
cisco raw,77.0,1.5,0.3,0.4,0.5,0.0,0.0,15.0,0.0,39.5,0.042,62.4,0.022,0.098,0.016,0.023,0.024,2.0,0.6,0.2,0.0,0.0,0.0,0.0,9.5,0.029,0.3,13.4,0.019,120.1,279.7,0.08,0.3,26.367,90.91,9.09,0.0,0.77,28.5,High_Protein
florida pompano cooked,186.0,10.7,4.0,2.9,1.3,0.0,0.0,20.8,0.0,56.3,0.05,55.4,0.025,0.6,0.055,0.006,0.1,3.3,0.8,0.2,0.0,0.0,0.0,0.0,37.8,0.087,0.6,27.3,0.023,300.1,559.7,0.089,0.6,69.911,66.03,33.97,0.0,1.86,30.9,High_Protein
snapper raw,218.0,2.9,0.6,0.5,1.0,0.0,0.0,44.7,0.0,80.7,0.1,167.6,0.01,0.1,0.028,0.06,0.049,0.6,1.6,0.9,3.5,0.054,2.1,0.098,69.8,0.055,0.4,69.8,0.072,431.6,909.1,0.065,0.8,121.32,93.91,6.09,0.0,2.18,86.5,High_Protein
haddock raw,143.0,0.9,0.2,0.1,0.3,0.0,0.0,31.5,0.0,104.2,0.4,160.9,0.098,0.01,0.005,0.012,0.1,6.5,0.8,0.5,0.0,0.025,0.9,0.079,21.2,0.034,0.3,40.5,0.051,438.1,552.0,0.025,0.6,53.952,97.22,2.78,0.0,1.43,62.1,High_Protein
cod cooked,189.0,1.5,0.3,0.2,0.5,0.0,0.0,41.1,0.0,99.0,0.1,136.7,0.077,0.2,0.024,0.071,0.1,4.5,0.3,0.5,1.8,0.097,1.5,0.028,25.2,0.01,0.9,75.6,0.016,248.4,439.2,0.09,1.0,70.534,96.48,3.52,0.0,1.89,80.7,High_Protein
seatrout raw,248.0,8.6,2.4,2.1,1.7,0.0,0.0,39.8,0.0,197.5,0.1,185.9,0.056,0.1,0.085,0.083,0.4,5.7,1.8,1.0,0.0,0.0,0.0,0.0,40.5,0.082,0.6,73.8,0.007,595.0,811.6,0.029,1.1,89.528,82.23,17.77,0.0,2.48,71.0,High_Protein
flounder raw,114.0,3.1,0.7,0.9,0.6,0.0,0.0,20.2,0.0,73.4,0.5,137.9,0.036,0.053,0.048,0.072,0.091,1.7,0.3,0.2,0.0,0.059,1.0,0.074,34.2,0.038,0.3,29.3,0.074,410.8,260.8,0.014,0.5,57.837,86.7,13.3,0.0,1.14,37.3,High_Protein
spot cooked,79.0,3.1,0.9,0.9,0.7,0.0,0.0,11.9,0.0,38.5,0.022,34.6,0.051,0.051,0.036,0.093,0.1,4.3,0.4,0.2,0.0,0.0,0.0,0.0,9.0,0.025,0.2,27.0,0.098,119.0,318.0,0.029,0.3,24.239,79.33,20.67,0.0,0.79,20.7,High_Protein
walleye pike cooked,148.0,1.9,0.4,0.5,0.7,0.0,0.0,30.4,0.0,136.4,0.069,91.1,0.085,0.4,0.032,0.047,0.2,3.5,1.1,0.2,0.0,0.0,0.0,0.0,174.8,0.3,2.1,47.1,1.3,333.6,618.8,0.073,1.0,209.213,94.12,5.88,0.0,1.48,58.9,High_Protein
perch raw,55.0,0.6,0.1,0.081,0.2,0.0,0.0,11.6,0.0,54.0,0.037,47.5,0.052,0.03,0.041,0.034,0.001,0.9,0.5,0.091,1.0,0.084,0.1,0.092,48.0,0.077,0.5,18.0,0.4,120.0,161.4,0.031,0.7,61.715,95.08,4.92,0.0,0.55,22.6,High_Protein
mackerel cooked,231.0,15.7,3.7,6.2,3.8,0.0,0.0,21.0,0.0,66.0,0.064,46.9,0.065,0.1,0.014,0.097,0.4,6.0,0.9,0.4,0.4,0.0,0.0,0.0,13.2,0.086,1.4,85.4,0.008,244.6,352.9,0.038,0.8,51.733,57.22,42.78,0.0,2.31,26.3,High_Protein
tilapia cooked,111.0,2.3,0.8,0.8,0.5,0.0,0.0,22.8,0.0,49.6,0.011,62.3,0.0,0.021,0.006,0.037,0.072,4.1,0.6,0.1,0.0,0.013,0.7,0.053,12.2,0.049,0.6,29.6,0.083,177.5,330.6,0.034,0.4,37.9,90.84,9.16,0.0,1.11,43.3,High_Protein
drum raw,236.0,9.8,2.2,4.3,2.3,0.0,0.0,34.7,0.0,126.7,0.1,153.1,0.1,0.1,0.07,0.03,0.3,4.7,1.5,0.6,2.0,0.0,0.0,0.0,118.8,0.5,1.8,59.4,1.4,356.4,544.5,0.071,1.3,167.2,77.98,22.02,0.0,2.36,59.6,High_Protein
atlantic croaker fried,192.0,11.0,3.0,4.6,2.5,6.6,0.0,15.8,0.3,73.1,0.3,52.0,0.004,0.006,0.044,0.032,0.1,3.7,0.6,0.2,0.0,0.0,0.0,0.0,27.8,0.096,0.7,36.5,0.079,188.8,295.8,0.038,0.5,62.209,47.31,32.93,19.76,1.92,21.05,High_Protein
wolffish raw,294.0,7.3,1.1,2.6,2.6,0.0,0.0,53.6,0.0,140.8,0.3,244.5,0.3,0.6,0.062,0.074,0.2,6.5,1.7,1.2,0.0,0.0,0.0,0.0,18.4,0.028,0.3,91.8,0.033,612.0,918.0,0.1,2.4,79.9,88.01,11.99,0.0,2.94,99.9,High_Protein
bluefin tuna cooked,276.0,9.4,2.4,3.1,2.8,0.0,0.0,44.9,0.0,73.5,0.02,88.6,1.1,0.4,0.034,0.062,0.5,15.8,2.1,0.8,0.0,0.0,0.0,0.0,15.0,0.2,2.0,96.0,0.028,489.0,484.5,0.036,1.2,72.4,82.69,17.31,0.0,2.76,80.4,High_Protein
scup cooked,68.0,1.8,0.0,0.0,0.0,0.0,0.0,12.1,0.0,33.5,0.061,34.2,0.093,0.004,0.051,0.037,0.044,2.5,0.4,0.2,0.0,0.0,0.0,0.0,25.5,0.078,0.3,14.5,0.034,118.5,184.0,0.015,0.3,39.718,87.05,12.95,0.0,0.68,22.4,High_Protein
herring cooked,290.0,16.6,3.7,6.8,3.9,0.0,0.0,32.9,0.0,110.1,0.2,91.7,0.076,0.2,0.067,0.06,0.4,5.9,1.1,0.5,1.0,0.0,2.0,0.074,105.8,0.2,2.0,58.6,0.082,433.3,599.2,0.066,1.8,158.304,66.46,33.54,0.0,2.9,49.2,High_Protein
bluefish raw,186.0,6.4,1.4,2.7,1.6,0.0,0.0,30.1,0.0,88.5,0.028,106.3,0.2,0.033,0.051,0.032,0.1,8.9,1.2,0.6,0.0,0.0,0.0,0.0,10.5,0.042,0.7,49.5,0.057,340.5,558.0,0.083,1.2,47.9,82.47,17.53,0.0,1.86,53.8,High_Protein
sheepshead cooked,234.0,3.0,0.7,0.7,0.7,0.0,0.0,48.4,0.0,119.0,0.1,128.4,0.069,0.061,0.058,0.062,0.089,3.3,1.6,0.7,0.0,0.0,0.0,0.0,68.8,0.2,1.2,65.1,0.085,651.0,952.3,0.065,1.2,121.48,94.16,5.84,0.0,2.34,93.8,High_Protein
bass cooked,91.0,2.9,0.6,1.1,0.8,0.0,0.0,15.0,0.0,53.9,0.078,42.6,0.073,0.081,0.085,0.002,0.009,0.9,0.5,0.023,1.3,0.0,0.0,0.0,63.9,0.047,1.2,23.6,0.7,158.7,282.7,0.026,0.5,84.379,83.8,16.2,0.0,0.91,27.1,High_Protein
pout cooked,279.0,3.2,1.1,1.2,0.1,0.0,0.0,58.4,0.0,183.6,0.2,208.5,0.062,0.3,0.077,0.017,0.2,7.0,0.5,0.8,0.0,0.0,0.0,0.0,35.6,0.1,1.0,46.6,0.022,701.4,1405.6,0.1,3.6,98.207,94.81,5.19,0.0,2.79,113.6,High_Protein
rockfish raw,172.0,2.6,0.7,0.7,0.8,0.0,0.0,35.1,0.0,95.5,0.1,151.0,0.007,0.039,0.045,0.092,0.4,4.6,0.6,0.4,0.0,0.027,0.7,0.0,26.7,0.021,0.6,51.6,0.064,391.6,737.3,0.1,0.7,65.002,93.1,6.9,0.0,1.72,67.6,High_Protein
scup raw,174.0,4.5,1.1,0.9,1.7,0.0,0.0,31.3,0.0,86.3,0.082,125.1,0.037,0.2,0.02,0.014,0.2,6.8,1.2,0.5,0.0,0.077,0.8,0.001,66.4,0.008,0.9,38.2,0.086,307.1,476.4,0.09,0.8,103.111,87.43,12.57,0.0,1.74,58.1,High_Protein
coho salmon cooked,255.0,11.8,2.8,5.2,2.8,0.0,0.0,34.7,0.0,90.1,0.06,95.8,0.063,0.1,0.064,0.086,0.2,10.6,1.8,0.8,2.1,0.0,0.0,0.0,17.2,0.1,0.6,48.6,0.056,474.8,657.8,0.081,0.7,66.478,74.62,25.38,0.0,2.55,57.6,High_Protein
sea bass raw,125.0,2.6,0.7,0.5,1.0,0.0,0.0,23.8,0.0,52.9,0.084,101.0,0.001,0.1,0.079,0.064,0.2,2.1,1.0,0.5,0.0,0.071,1.1,0.091,12.9,0.079,0.4,52.9,0.09,250.3,330.2,0.082,0.5,39.739,90.15,9.85,0.0,1.25,45.0,High_Protein
whitefish raw,265.0,11.6,1.8,4.0,4.3,0.0,0.0,37.8,0.0,118.8,0.1,144.1,0.092,0.3,0.089,0.095,0.2,5.9,1.5,0.6,0.0,0.095,0.4,0.061,51.5,0.1,0.7,65.3,0.1,534.6,627.7,0.059,2.0,101.603,76.52,23.48,0.0,2.65,64.0,High_Protein
mullet cooked,140.0,4.5,1.3,1.3,0.9,0.0,0.0,23.1,0.0,58.6,0.001,65.6,0.053,0.022,0.034,0.084,0.09,5.9,0.8,0.5,1.1,0.0,0.0,0.0,28.8,0.1,1.3,30.7,0.048,226.9,425.9,0.027,0.8,58.866,83.7,16.3,0.0,1.4,41.7,High_Protein
sea bass cooked,125.0,2.6,0.7,0.5,1.0,0.0,0.0,23.9,0.0,53.5,0.058,72.9,0.053,0.1,0.048,0.046,0.2,1.9,0.9,0.5,0.0,0.0,0.0,0.0,13.1,0.046,0.4,53.5,0.056,250.5,331.3,0.023,0.5,40.067,90.19,9.81,0.0,1.25,45.2,High_Protein
sturgeon cooked,184.0,7.0,1.6,3.4,1.2,0.0,0.0,28.2,0.0,104.7,0.019,95.1,0.4,0.1,0.072,0.087,0.1,13.7,1.2,0.3,0.0,0.073,0.9,0.039,23.1,0.054,1.2,61.2,0.038,368.6,495.0,0.044,0.7,59.9,80.11,19.89,0.0,1.84,49.4,High_Protein
fish fillet fried,211.0,11.2,2.6,2.3,5.7,15.4,0.0,13.3,0.5,30.9,0.5,48.7,0.095,0.043,0.05,0.054,0.089,1.9,0.2,0.066,0.0,0.0,0.0,0.0,16.4,0.003,1.9,21.8,0.2,155.6,291.2,0.035,0.4,58.716,33.33,28.07,38.6,2.11,16.15,Balanced
rainbow trout raw,111.0,4.9,1.1,1.6,1.2,0.0,0.0,15.8,0.0,46.6,0.022,58.3,0.044,0.032,0.056,0.057,0.091,4.4,1.3,0.3,2.3,0.056,1.8,0.094,19.8,0.096,0.2,19.8,0.008,178.5,297.8,0.067,0.4,43.047,76.33,23.67,0.0,1.11,26.7,High_Protein
pout raw,278.0,3.2,1.1,1.2,0.1,0.0,0.0,58.6,0.0,183.0,0.2,286.4,0.032,0.3,0.022,0.021,0.2,7.4,0.5,0.8,0.0,0.0,0.0,0.0,35.2,0.1,1.0,45.8,0.003,704.0,1408.0,0.1,3.6,98.078,94.82,5.18,0.0,2.78,114.0,High_Protein
trout raw,117.0,5.2,0.9,2.6,1.2,0.0,0.0,16.4,0.0,45.8,0.051,56.4,0.1,0.3,0.041,0.027,0.3,3.6,1.5,0.2,0.4,0.032,0.2,0.003,34.0,0.1,1.2,17.4,0.7,193.6,285.2,0.095,0.5,57.297,75.93,24.07,0.0,1.17,27.6,High_Protein
burbot raw,104.0,0.9,0.2,0.2,0.3,0.0,0.0,22.4,0.0,69.6,0.1,91.9,0.081,0.4,0.024,0.048,0.2,1.9,0.2,0.3,0.0,0.0,0.0,0.0,58.0,0.2,1.0,37.1,0.8,232.0,468.6,0.043,0.9,82.309,96.14,3.86,0.0,1.04,43.9,High_Protein
dolphinfish cooked,173.0,1.4,0.4,0.2,0.3,0.0,0.0,37.7,0.0,149.5,0.2,113.2,0.046,0.092,0.096,0.086,0.1,11.8,1.4,0.7,0.0,0.0,0.0,0.0,30.2,0.052,2.3,60.4,0.018,291.0,847.5,0.057,0.9,71.625,96.42,3.58,0.0,1.73,74.0,High_Protein
dolphinfish raw,173.0,1.4,0.4,0.2,0.3,0.0,0.0,37.7,0.0,148.9,0.2,158.2,0.1,0.05,0.005,0.04,0.1,12.4,1.5,0.8,0.0,0.0,0.0,0.0,30.6,0.089,2.3,61.2,0.084,291.7,848.6,0.006,0.9,72.1,96.42,3.58,0.0,1.73,74.0,High_Protein
perch cooked,54.0,0.5,0.1,0.029,0.2,0.0,0.0,11.4,0.0,52.9,0.043,33.7,0.019,0.006,0.099,0.02,0.088,0.9,0.4,0.07,0.8,0.0,0.0,0.0,46.9,0.085,0.5,17.5,0.4,118.2,158.2,0.08,0.7,60.112,95.8,4.2,0.0,0.54,22.3,High_Protein
cusk raw,106.0,0.8,0.2,0.1,0.3,0.0,0.0,23.2,0.0,50.0,0.086,93.1,0.038,0.033,0.038,0.037,0.2,3.3,0.3,0.5,0.0,0.0,0.0,0.0,12.2,0.061,1.0,37.8,0.032,248.9,478.2,0.01,0.5,37.228,96.67,3.33,0.0,1.06,45.6,High_Protein
carp raw,277.0,12.2,2.4,5.1,3.1,0.0,0.0,38.9,0.0,143.9,0.1,166.4,0.042,0.3,0.094,0.087,0.1,3.6,1.6,0.4,3.5,0.042,1.4,0.016,89.4,0.1,2.7,63.2,0.065,904.7,725.9,0.037,3.2,146.793,76.13,23.87,0.0,2.77,65.6,High_Protein
catfish fried,199.0,11.6,2.9,4.9,2.9,7.0,0.0,15.7,0.6,61.8,0.2,51.2,0.0,0.04,0.015,0.054,0.1,2.0,0.6,0.2,0.0,0.0,0.0,0.0,38.3,0.01,1.2,23.5,0.05,187.9,295.8,0.098,0.7,74.4,45.77,33.82,20.41,1.99,20.7,High_Protein
bass raw,90.0,2.9,0.6,1.1,0.8,0.0,0.0,14.9,0.0,53.7,0.055,59.8,0.004,0.091,0.046,0.003,0.046,1.0,0.6,0.052,1.6,0.0,0.0,0.0,63.2,0.093,1.2,23.7,0.7,158.0,281.2,0.057,0.5,83.837,83.71,16.29,0.0,0.9,26.9,High_Protein
flounder cooked,109.0,3.0,0.7,0.8,0.6,0.0,0.0,19.4,0.0,71.1,0.5,103.0,0.047,0.067,0.094,0.014,0.018,0.002,1.6,0.3,0.1,0.0,0.005,1.0,0.1,31.8,0.099,0.3,27.9,0.077,392.4,250.2,0.049,22.622,86.61,13.39,0.0,1.09,35.8,High_Protein
catfish raw,189.0,9.4,2.1,4.1,1.8,0.0,0.0,24.2,0.0,87.5,0.2,125.7,0.0,0.022,0.083,0.003,0.1,3.3,1.1,0.2,0.0,0.084,1.3,0.022,12.7,0.003,0.4,30.2,0.073,324.4,480.2,0.056,0.8,46.7,72.02,27.98,0.0,1.89,39.0,High_Protein
coho salmon raw,254.0,12.2,2.9,5.3,3.0,0.0,0.0,33.8,0.0,81.1,0.054,112.0,0.012,0.1,0.076,0.095,0.2,10.8,1.8,1.0,1.7,0.0,0.0,0.0,19.1,0.022,0.5,49.3,0.023,464.3,715.5,0.028,0.7,67.308,73.48,26.52,0.0,2.54,55.4,High_Protein
ling cooked,168.0,1.2,0.0,0.0,0.0,0.0,0.0,36.8,0.0,77.0,0.3,111.6,0.025,0.2,0.009,0.06,0.3,4.2,0.6,0.5,0.0,0.0,0.0,0.0,66.4,0.2,1.3,122.3,0.035,383.5,733.9,0.079,1.5,105.731,96.84,3.16,0.0,1.68,72.4,High_Protein
catfish cooked,206.0,10.3,2.3,4.5,1.9,0.0,0.0,26.4,0.0,94.4,0.2,106.7,0.066,0.045,0.044,0.066,0.021,0.1,3.6,1.2,0.3,0.0,0.035,1.4,0.01,12.9,0.098,0.4,32.9,0.011,353.2,523.4,0.03,37.141,71.93,28.07,0.0,2.06,42.5,High_Protein
whiting raw,83.0,1.2,0.2,0.3,0.4,0.0,0.0,16.8,0.0,61.6,0.016,73.8,0.092,0.066,0.057,0.07,0.059,1.2,0.2,0.1,0.0,0.089,0.3,0.086,44.2,0.085,0.3,19.3,0.012,204.2,229.1,0.049,0.8,62.592,93.33,6.67,0.0,0.83,32.4,High_Protein
mackerel raw,230.0,15.6,3.6,6.1,3.8,0.0,0.0,20.8,0.0,78.4,0.1,71.2,0.019,0.2,0.007,0.047,0.3,10.2,1.0,0.4,0.4,0.03,1.7,0.025,13.4,0.027,1.8,85.1,0.015,243.0,351.7,0.067,0.7,52.063,57.14,42.86,0.0,2.3,26.0,High_Protein
cusk cooked,106.0,0.8,0.0,0.0,0.0,0.0,0.0,23.1,0.0,50.4,0.047,66.2,0.016,0.097,0.015,0.007,0.2,3.1,0.3,0.4,0.0,0.0,0.0,0.0,12.4,0.077,1.0,38.0,0.048,248.9,477.9,0.012,0.5,37.306,96.65,3.35,0.0,1.06,45.4,High_Protein
atlantic croaker raw,82.0,2.5,0.9,0.9,0.4,0.0,0.0,14.0,0.0,48.2,0.014,61.6,0.039,0.079,0.028,0.066,0.038,3.3,0.6,0.2,0.0,0.005,1.0,0.068,11.9,0.065,0.3,31.6,0.017,165.9,272.6,0.053,0.3,28.709,84.85,15.15,0.0,0.82,25.5,High_Protein
sucker cooked,148.0,3.7,0.7,1.1,1.3,0.0,0.0,26.6,0.0,65.7,0.019,91.7,0.006,0.053,0.043,0.026,0.1,1.8,1.1,0.3,0.0,0.0,0.0,0.0,111.6,0.3,2.1,47.1,1.0,333.6,603.9,0.0,1.2,144.006,87.79,12.21,0.0,1.48,49.5,High_Protein
spot raw,79.0,3.1,0.9,0.9,0.7,0.0,0.0,11.8,0.0,38.4,0.022,48.6,0.005,0.1,0.063,0.042,0.1,4.5,0.5,0.3,0.0,0.0,0.0,0.0,9.0,0.014,0.2,26.9,0.095,119.0,317.4,0.024,0.3,24.113,79.19,20.81,0.0,0.79,20.5,High_Protein
drum cooked,236.0,9.7,2.2,4.3,2.3,0.0,0.0,34.6,0.0,126.3,0.1,109.2,0.099,0.1,0.058,0.019,0.3,4.4,1.3,0.5,1.5,0.0,0.0,0.0,118.6,0.5,1.8,58.5,1.4,355.7,543.6,0.076,1.3,166.292,78.1,21.9,0.0,2.36,59.5,High_Protein
bluefish cooked,186.0,6.4,1.4,2.7,1.6,0.0,0.0,30.1,0.0,88.9,0.045,73.3,0.2,0.012,0.066,0.019,0.1,8.5,1.1,0.5,0.0,0.0,0.0,0.0,10.5,0.049,0.7,49.1,0.015,340.5,558.1,0.084,1.2,47.9,82.47,17.53,0.0,1.86,53.8,High_Protein
grouper cooked,238.0,2.6,0.6,0.5,0.8,0.0,0.0,50.2,0.0,94.9,0.1,148.2,0.1,0.2,0.023,0.083,0.035,0.8,1.8,0.7,0.0,0.0,0.0,0.0,42.4,0.063,2.3,74.7,0.075,288.9,959.5,0.088,1.0,97.6,95.08,4.92,0.0,2.38,97.8,High_Protein
sheepshead raw,257.0,5.7,1.4,1.7,1.2,0.0,0.0,48.1,0.0,119.0,0.2,185.6,0.022,0.082,0.019,0.067,0.073,3.6,1.8,0.7,0.0,0.0,0.0,0.0,50.0,0.05,1.1,76.2,0.083,744.9,961.5,0.056,0.9,104.93,89.41,10.59,0.0,2.57,90.5,High_Protein
grouper raw,238.0,2.6,0.6,0.5,0.8,0.0,0.0,50.2,0.0,95.8,0.1,205.2,0.1,0.2,0.077,0.045,0.013,0.8,1.9,0.8,0.0,0.0,0.0,0.0,69.9,0.027,2.3,80.3,0.042,419.6,1251.0,0.059,1.2,125.1,95.08,4.92,0.0,2.38,97.8,High_Protein
ling raw,168.0,1.2,0.2,0.2,0.4,0.0,0.0,36.7,0.0,77.2,0.3,153.7,0.041,0.2,0.052,0.088,0.4,4.4,0.6,0.6,0.0,0.0,0.0,0.0,65.6,0.2,1.3,121.6,0.026,382.1,731.5,0.069,1.5,104.862,96.83,3.17,0.0,1.68,72.2,High_Protein
florida pompano raw,184.0,10.6,3.9,2.9,1.3,0.0,0.0,20.7,0.0,56.0,0.081,79.7,0.091,0.6,0.038,0.008,0.1,3.4,0.8,0.2,0.0,0.098,0.2,0.041,24.6,0.011,0.7,30.2,0.012,218.4,426.7,0.025,0.8,56.69,66.13,33.87,0.0,1.84,30.8,High_Protein
rockfish cooked,162.0,2.4,0.6,0.7,0.7,0.0,0.0,33.1,0.0,90.9,0.1,111.3,0.012,0.006,0.081,0.068,0.055,0.3,4.3,0.6,0.4,0.0,0.004,0.7,0.0,25.3,0.046,0.5,49.2,0.013,369.5,695.8,0.1,35.955,93.24,6.76,0.0,1.62,63.8,High_Protein
seatrout cooked,247.0,8.6,2.4,2.1,1.7,0.0,0.0,39.9,0.0,197.2,0.1,133.8,0.006,0.1,0.033,0.032,0.4,5.4,1.6,0.9,0.0,0.0,0.0,0.0,40.9,0.071,0.7,74.4,0.048,597.1,812.8,0.002,1.1,90.142,82.27,17.73,0.0,2.47,71.2,High_Protein
swordfish cooked,182.0,8.4,2.0,3.8,1.5,0.0,0.0,24.9,0.0,82.7,0.1,72.4,0.075,0.078,0.094,0.048,0.005,0.01,9.8,0.4,0.7,0.0,0.038,2.6,0.022,6.4,0.045,0.5,37.1,0.041,322.2,528.9,0.028,34.203,74.77,25.23,0.0,1.82,41.4,High_Protein
sardines in tomato sauce canned,165.0,9.3,2.4,4.3,1.9,0.5,0.4,18.6,0.009,54.3,0.4,59.5,0.036,0.014,0.093,0.098,0.2,3.7,0.6,0.1,0.9,0.017,1.2,0.012,213.6,0.2,2.0,30.3,0.2,325.7,303.5,0.024,1.2,244.978,65.49,32.75,1.76,1.65,27.11,High_Protein
tuna canned,102.0,2.4,0.6,0.6,0.9,0.0,0.0,18.9,0.0,33.6,0.3,58.6,0.017,0.032,0.087,0.075,0.079,4.6,0.086,0.2,0.0,0.07,0.7,0.099,11.2,0.099,0.8,26.4,0.078,173.6,189.6,0.025,0.4,33.32,88.73,11.27,0.0,1.02,35.4,High_Protein
eastern oyster canned,110.0,4.0,1.0,0.4,1.2,6.3,0.0,11.4,0.0,89.1,0.2,137.9,0.1,0.2,0.009,0.089,0.3,2.0,0.3,0.2,8.1,0.0,1.4,0.056,72.9,7.2,10.9,87.5,0.7,225.2,371.0,0.078,147.3,113.7,52.53,18.43,29.03,1.1,18.8,High_Protein
shrimp canned,128.0,1.7,0.2,0.1,0.9,0.0,0.0,26.1,0.0,322.6,1.1,97.1,0.0,0.039,0.078,0.081,0.099,0.7,0.2,0.054,5.2,0.0,1.4,0.0,185.6,0.3,2.7,42.2,0.5,249.6,102.4,0.036,2.5,221.3,93.88,6.12,0.0,1.28,50.5,High_Protein
alaska king crab raw,144.0,1.0,0.2,0.1,0.2,0.0,0.0,31.5,0.0,72.2,1.4,136.9,0.048,0.015,0.082,0.004,0.026,1.9,0.6,0.3,12.0,0.0,0.0,0.0,79.1,1.6,1.0,84.3,0.021,376.7,350.9,0.002,10.2,124.608,96.92,3.08,0.0,1.44,62.0,High_Protein
alaska king crab cooked,130.0,2.1,0.2,0.2,0.7,0.0,0.0,25.9,0.0,71.0,1.4,103.9,0.018,0.005,0.002,0.02,0.07,1.8,0.5,0.2,10.2,0.0,0.0,0.0,79.1,1.6,1.0,84.4,0.093,375.2,351.1,0.003,10.2,118.35,92.5,7.5,0.0,1.3,49.7,High_Protein
squid fried,140.0,6.0,1.5,2.2,1.7,6.2,0.0,14.4,0.0,208.0,0.2,51.6,0.035,0.048,0.06,0.05,0.4,2.1,0.4,0.033,3.4,0.0,0.0,0.0,31.2,1.7,0.8,30.4,0.046,200.8,223.2,0.087,1.4,62.028,54.14,22.56,23.31,1.4,22.8,High_Protein
abalone,89.0,0.6,0.1,0.02,0.091,5.1,0.0,14.5,0.0,72.3,0.3,63.4,0.056,0.2,0.038,0.057,0.09,1.3,2.6,0.1,1.7,0.0,3.4,0.043,26.4,0.2,2.7,40.8,0.014,161.5,212.5,0.095,0.7,51.092,71.78,2.97,25.25,0.89,28.4,High_Protein
whelk cooked,78.0,0.2,0.003,0.068,0.037,4.4,0.0,13.5,0.0,36.8,0.1,9.1,0.013,0.076,0.057,0.084,0.055,0.6,0.1,0.2,1.9,0.0,0.0,0.0,32.0,0.6,2.8,48.7,0.3,79.8,196.4,0.047,0.9,54.806,74.59,1.1,24.31,0.78,26.8,High_Protein
spiny lobster cooked,233.0,3.2,0.5,0.6,1.2,5.1,0.0,43.0,0.0,146.7,0.4,108.8,0.06,0.097,0.032,0.068,0.016,8.0,0.7,0.3,3.4,0.0,0.0,0.0,102.7,0.7,2.3,83.1,0.019,373.3,339.0,0.042,11.9,159.731,83.82,6.24,9.94,2.33,82.8,High_Protein
blue mussels raw,129.0,3.4,0.6,0.8,0.9,5.5,0.0,17.9,0.0,42.0,0.4,120.9,0.028,0.2,0.095,0.003,0.3,2.4,0.8,0.041,12.0,0.0,0.8,0.012,39.0,0.1,5.9,51.0,5.1,295.5,480.0,0.063,2.4,83.72,66.79,12.69,20.52,1.29,32.4,High_Protein
queen crab cooked,98.0,1.3,0.2,0.3,0.5,0.0,0.0,20.2,0.0,60.4,0.6,63.8,0.007,0.007,0.029,0.04,0.2,2.5,0.3,0.1,6.1,0.0,0.0,0.0,28.1,0.5,2.4,53.6,0.036,108.8,170.0,0.056,3.1,58.197,93.95,6.05,0.0,0.98,39.1,High_Protein
dungeness crab cooked,140.0,1.6,0.2,0.3,0.5,1.2,0.0,28.3,0.0,96.5,0.5,93.1,0.06,0.024,0.054,0.039,0.3,4.6,0.5,0.2,4.6,0.0,0.0,0.0,74.9,0.9,0.5,73.7,0.1,222.3,518.2,0.032,6.9,111.171,91.0,5.14,3.86,1.4,55.0,High_Protein
dungeness crab raw,140.0,1.6,0.2,0.3,0.5,1.2,0.0,28.4,0.0,96.2,0.5,129.1,0.026,0.033,0.086,0.017,0.3,5.1,0.6,0.2,5.7,0.0,0.0,0.0,75.0,1.1,0.6,73.4,0.1,296.7,577.0,0.022,7.0,112.564,91.03,5.13,3.85,1.4,55.2,High_Protein
blue crab cooked,71.0,0.6,0.2,0.1,0.2,0.0,0.0,15.2,0.0,82.5,0.3,67.7,0.004,0.029,0.036,0.048,0.096,0.033,2.3,0.8,0.1,2.8,0.0,1.6,0.027,77.4,0.7,0.4,30.6,0.087,198.9,220.2,0.076,16.719,96.2,3.8,0.0,0.71,29.8,High_Protein
conch baked,165.0,1.5,0.5,0.4,0.3,2.2,0.0,33.4,0.0,82.6,0.2,88.1,0.099,0.069,0.2,0.088,0.1,1.3,0.0,0.095,0.0,0.0,8.0,0.016,124.5,0.6,1.8,302.3,0.0,275.6,207.0,0.007,2.2,163.446,90.03,4.04,5.93,1.65,65.3,High_Protein
lobster raw,116.0,1.1,0.3,0.3,0.4,0.0,0.0,24.8,0.0,190.5,0.6,121.4,0.092,0.025,0.033,0.005,0.086,2.4,2.2,0.2,0.0,0.0,1.3,0.0,126.0,2.0,0.4,57.0,0.022,241.5,300.0,0.047,5.3,152.362,95.75,4.25,0.0,1.16,48.5,High_Protein
spiny lobster raw,234.0,3.2,0.5,0.6,1.2,5.1,0.0,43.1,0.0,146.3,0.4,154.8,0.025,0.071,0.094,0.008,0.043,8.9,0.7,0.3,4.2,0.0,0.0,0.0,102.4,0.8,2.5,83.6,0.033,497.4,376.2,0.055,11.9,160.501,83.85,6.23,9.92,2.34,83.0,High_Protein
clams canned,227.0,2.5,0.5,0.3,0.5,9.4,0.0,38.8,0.0,80.0,0.2,104.4,0.2,0.031,0.099,0.01,0.1,0.9,0.4,0.071,0.0,0.063,1.8,0.037,104.0,0.1,4.3,51.2,0.2,523.2,1004.8,0.089,1.3,159.2,76.53,4.93,18.54,2.27,75.1,High_Protein
lobster cooked,134.0,1.3,0.3,0.4,0.5,0.0,0.0,28.5,0.0,219.0,0.7,117.2,0.077,0.074,0.077,0.071,0.099,0.031,2.7,2.5,0.2,0.0,0.0,1.5,0.0,144.0,2.3,0.4,64.5,0.049,277.5,345.0,0.1,32.314,95.64,4.36,0.0,1.34,55.7,High_Protein
clams raw,195.0,2.2,0.4,0.3,0.4,8.1,0.0,33.3,0.0,68.1,1.4,179.3,0.2,0.098,0.095,0.064,0.001,0.8,0.3,0.0,0.0,0.0,1.5,0.032,88.5,0.1,3.7,43.1,0.2,449.5,104.4,0.041,1.2,136.0,76.38,5.05,18.58,1.95,64.4,High_Protein
octopus cooked,139.0,1.8,0.4,0.3,0.4,3.7,0.0,25.3,0.0,81.6,0.4,51.4,0.09,0.075,0.016,0.031,0.079,3.2,0.8,0.6,6.8,0.0,1.0,0.088,90.1,0.6,8.1,51.0,0.013,237.2,535.5,0.054,2.9,135.853,82.14,5.84,12.01,1.39,48.8,High_Protein
chinook salmon smoked,159.0,5.9,1.3,2.8,1.4,0.0,0.0,24.9,0.0,31.3,1.1,97.9,0.019,0.01,0.019,0.007,0.1,6.4,1.2,0.4,0.0,0.09,1.8,0.039,15.0,0.3,1.2,24.5,0.055,223.0,238.0,0.027,0.4,47.038,80.84,19.16,0.0,1.59,43.9,High_Protein
whitefish smoked,147.0,1.3,0.3,0.4,0.4,0.0,0.0,31.8,0.0,44.9,1.4,96.3,0.086,0.08,0.082,0.017,0.1,3.3,0.1,0.5,0.0,0.078,0.3,0.097,24.5,0.4,0.7,31.3,0.091,179.5,575.3,0.03,0.7,58.398,96.07,3.93,0.0,1.47,62.3,High_Protein
eggnog,224.0,10.6,6.6,3.3,0.5,20.4,20.4,11.6,0.0,149.9,0.1,209.7,0.1,0.074,0.02,0.006,0.5,0.3,1.1,0.1,3.8,0.055,0.5,0.011,330.2,0.051,0.5,48.3,0.024,276.9,419.1,0.094,1.2,377.2,27.23,24.88,47.89,2.24,-28.2,Balanced
egg substitute,115.0,0.0,0.0,0.0,0.0,4.8,4.8,24.0,0.0,0.0,0.5,208.8,0.0,0.3,0.065,0.039,0.9,0.3,4.0,0.3,1.2,0.006,3.8,0.063,175.2,0.07,4.8,36.0,0.002,172.8,511.2,0.017,2.4,210.0,83.33,0.0,16.67,1.15,38.4,High_Protein
egg substitute powder,126.0,3.7,1.1,1.5,0.5,6.2,6.2,15.7,0.0,161.9,0.2,1.1,0.1,0.006,0.017,0.049,0.5,0.2,1.0,0.074,0.2,0.0,0.4,0.025,92.3,0.017,0.9,18.4,0.045,135.3,210.6,0.032,0.5,119.1,61.33,14.45,24.22,1.26,15.3,High_Protein
safflower seed meal,97.0,0.7,0.029,0.099,0.4,13.8,0.0,10.1,0.0,0.0,0.006,1.8,0.0,0.3,0.022,0.0,0.1,0.6,1.1,0.3,0.0,0.0,0.0,0.0,21.8,0.5,1.4,99.1,0.6,180.6,19.2,0.0,1.4,47.8,41.06,2.85,56.1,0.97,19.5,High_Protein
cottonseed flour low fat,94.0,0.4,0.082,0.046,0.2,10.2,0.0,14.1,0.0,0.0,0.022,2.0,0.0,0.6,0.016,0.0,0.1,1.1,0.1,0.2,0.7,0.0,0.0,0.0,134.1,0.3,3.6,202.6,0.6,449.1,498.4,0.0,3.3,163.1,57.09,1.62,41.3,0.94,27.8,High_Protein
sesame flour low fat,94.0,0.5,0.011,0.2,0.2,10.0,0.0,14.2,0.0,0.0,0.072,2.0,0.0,0.7,0.073,0.0,0.092,3.5,0.8,0.02,0.0,0.0,0.0,0.0,42.2,0.4,4.0,95.7,0.4,214.2,112.4,0.0,2.8,70.9,57.49,2.02,40.49,0.94,27.9,High_Protein
egg custard,293.0,12.9,6.1,3.9,1.2,31.0,31.0,14.2,0.0,236.9,0.2,222.4,0.1,0.1,0.025,0.081,0.7,0.3,1.6,0.1,0.0,0.0,0.6,0.097,301.7,0.031,1.0,31.0,0.07,318.7,417.4,0.016,1.5,360.9,24.44,22.2,53.36,2.93,-46.5,High_Carb
kamut cooked,251.0,1.6,0.0,0.0,0.0,52.4,0.0,11.1,6.7,0.0,0.038,105.6,0.0,0.2,0.017,0.0,0.06,4.7,0.0,0.1,0.0,0.0,0.0,0.0,17.2,0.4,3.5,96.3,2.1,304.4,347.4,0.058,3.0,92.5,17.05,2.46,80.49,2.51,30.65,High_Carb
spelt cooked,246.0,1.6,0.0,0.0,0.0,51.3,0.0,10.7,7.6,0.0,0.041,129.1,0.0,0.2,0.066,0.0,0.087,5.0,0.0,0.2,0.0,0.0,0.5,0.0,19.4,0.4,3.2,95.1,2.1,291.0,277.4,0.042,2.4,93.8,16.82,2.52,80.66,2.46,31.2,High_Carb
dill weed dried,253.0,4.4,0.2,0.0,0.0,55.8,0.0,20.0,13.6,0.0,0.2,7.3,0.0,0.0,0.4,0.0,0.0,0.3,2.8,0.0,1.7,50.0,0.0,0.0,0.0,1784.0,0.5,48.8,451.0,4.0,543.0,3308.0,0.0,96.0,24.94,5.49,69.58,2.53,56.0,High_Carb
fava beans cooked,187.0,0.7,0.1,0.1,0.3,33.4,3.1,12.9,9.2,0.0,0.081,121.6,0.0,0.0,0.2,0.2,0.0,0.2,1.2,0.3,0.1,0.5,0.0,0.046,0.067,61.2,0.4,2.6,73.1,0.7,212.5,455.6,0.058,56.778,27.45,1.49,71.06,1.87,32.7,High_Carb
yellow beans cooked,255.0,1.9,0.5,0.2,0.8,44.7,0.0,16.2,18.4,0.0,0.086,111.5,0.0,0.0,0.3,0.1,0.0,0.2,1.3,0.4,0.2,3.2,0.0,0.0,0.0,109.7,0.3,4.4,131.0,0.8,323.9,575.3,0.068,81.7,25.8,3.03,71.18,2.55,58.1,High_Carb
mung beans cooked,212.0,0.8,0.2,0.1,0.3,38.7,4.0,14.2,15.4,0.0,0.083,146.8,0.0,0.0,0.3,0.3,0.0,0.1,1.2,0.8,0.1,2.0,0.0,0.3,0.005,54.5,0.3,2.8,97.0,0.6,200.0,537.3,0.099,69.586,26.44,1.49,72.07,2.12,42.7,High_Carb
white beans canned,299.0,0.8,0.2,0.073,0.3,55.5,0.8,19.0,12.6,0.0,0.079,183.7,0.0,0.3,0.2,0.0,0.026,0.3,0.5,0.2,0.0,0.0,2.1,0.052,191.3,0.6,7.8,133.6,1.3,238.4,1189.5,0.022,2.9,287.0,25.23,1.06,73.71,2.99,54.5,High_Carb
pink beans cooked,252.0,0.8,0.2,0.045,0.4,47.2,0.6,15.3,9.0,0.0,0.075,103.4,0.0,0.0,0.4,0.3,0.0,0.1,1.0,0.5,0.3,0.0,0.0,1.7,0.083,87.9,0.5,3.9,109.9,0.9,278.9,858.5,0.03,73.103,24.17,1.26,74.57,2.52,42.1,High_Carb
edamame cooked,189.0,8.1,1.0,2.0,3.3,13.8,3.4,18.5,8.1,0.0,0.034,112.8,0.053,0.0,0.3,0.5,0.0,0.2,1.4,0.6,0.2,9.5,0.0,1.1,0.041,97.7,0.5,3.5,99.2,1.6,262.0,675.8,0.0,49.248,45.79,20.05,34.16,1.89,34.25,High_Protein
hyacinth beans cooked,227.0,1.1,0.2,0.076,0.5,40.2,0.0,15.8,0.0,0.0,0.0,0.003,134.1,0.0,0.5,0.023,0.0,0.001,0.8,0.6,0.014,0.0,0.0,0.0,0.0,77.6,0.7,8.9,159.1,0.9,232.8,653.8,0.021,191.981,27.67,1.93,70.4,2.27,30.5,High_Carb
cowpeas canned,185.0,1.3,0.3,0.1,0.6,32.7,0.0,11.4,7.9,0.0,0.7,191.1,0.0,0.2,0.1,0.0,0.2,0.8,0.5,0.1,6.5,0.0,0.0,0.0,48.0,0.3,2.3,67.2,0.7,168.0,412.8,0.061,1.7,110.1,25.11,2.86,72.03,1.85,33.35,High_Carb
pinto beans cooked,245.0,1.1,0.2,0.2,0.3,44.8,0.6,15.4,15.4,0.0,0.085,107.6,0.0,0.0,0.3,0.3,0.0,0.1,0.5,0.4,0.4,1.4,0.0,1.6,0.097,78.7,0.4,3.6,85.5,0.8,251.4,745.6,0.064,77.502,25.12,1.79,73.08,2.45,51.6,High_Carb
winged beans cooked,253.0,10.0,1.4,3.7,2.7,25.7,0.0,18.3,0.0,0.0,0.4,115.6,0.0,0.5,0.004,0.0,0.2,1.4,0.3,0.07,0.0,0.0,0.0,0.0,244.2,1.3,7.4,92.9,2.1,263.2,481.6,0.019,2.5,305.6,33.89,18.52,47.59,2.53,26.6,Balanced
lima beans canned,190.0,0.4,0.095,0.087,0.2,35.9,0.0,11.9,11.6,0.0,0.8,185.8,0.0,0.1,0.1,0.0,0.028,0.6,0.6,0.2,0.0,0.0,0.0,0.0,50.6,0.4,4.4,94.0,0.9,178.3,530.2,0.025,1.6,114.8,24.69,0.83,74.48,1.9,40.8,High_Carb
navy beans canned,296.0,1.1,0.3,0.073,0.5,53.6,0.7,19.7,13.4,0.0,1.2,184.6,0.0,0.4,0.2,0.0,0.1,1.3,0.5,0.3,1.8,0.0,2.0,0.022,123.1,0.5,4.8,123.1,1.0,351.1,754.6,0.003,2.0,217.5,26.48,1.48,72.04,2.96,57.0,High_Carb
black turtle beans cooked,241.0,0.6,0.2,0.002,0.3,45.0,0.6,15.1,15.4,0.0,0.06,121.6,0.0,0.0,0.4,0.2,0.0,0.1,1.0,0.5,0.1,0.0,0.0,1.6,0.004,101.8,0.5,5.3,90.7,0.6,281.2,801.1,0.058,76.721,24.88,0.99,74.14,2.41,51.5,High_Carb
white beans cooked,249.0,0.6,0.2,0.044,0.3,44.9,0.6,17.4,11.3,0.0,0.045,112.9,0.0,0.0,0.2,0.1,0.0,0.05,0.3,0.4,0.2,0.0,0.0,1.7,0.029,161.1,0.5,6.6,112.8,1.1,202.3,1004.2,0.045,74.959,27.66,0.95,71.38,2.49,49.95,High_Carb
cranberry beans cooked,241.0,0.8,0.2,0.088,0.4,43.3,0.0,16.5,17.7,0.0,0.4,114.4,0.0,0.0,0.4,0.4,0.0,0.1,0.9,0.4,0.1,0.0,0.0,0.0,0.0,88.5,0.4,3.7,88.5,0.7,239.0,685.0,0.09,78.8,27.23,1.32,71.45,2.41,58.75,High_Carb
lentils cooked,230.0,0.8,0.1,0.1,0.3,39.9,3.6,17.9,15.6,0.0,0.016,137.9,0.0,0.0,0.3,0.4,0.0,0.1,2.1,1.3,0.4,3.0,0.0,0.2,0.077,37.6,0.5,6.6,71.3,1.0,356.4,730.6,0.01,75.118,30.55,1.37,68.09,2.3,51.2,High_Carb
baked beans canned,239.0,0.9,0.2,0.2,0.3,53.7,20.2,12.1,10.4,0.0,0.9,182.9,0.0,0.2,0.036,0.0,0.078,1.1,0.5,0.2,0.0,0.0,0.4,0.019,86.4,0.4,3.0,68.6,0.3,188.0,569.0,0.082,5.8,166.5,18.14,1.35,80.51,2.39,-1.5,High_Carb
cranberry beans canned,216.0,0.7,0.2,0.083,0.3,39.3,0.0,14.4,16.4,0.0,0.9,201.7,0.0,0.1,0.2,0.0,0.1,1.3,0.4,0.1,2.1,0.0,0.0,0.0,88.4,0.4,4.0,83.2,0.5,223.6,676.0,0.079,2.2,165.3,26.47,1.29,72.24,2.16,52.7,High_Carb
black beans cooked,227.0,0.9,0.2,0.02,0.4,40.8,0.0,15.2,15.0,0.0,0.008,113.1,0.0,0.4,0.3,0.0,0.1,0.9,0.4,0.1,0.0,0.0,1.5,0.081,46.4,0.4,3.6,120.4,0.8,240.8,610.6,0.004,1.9,121.9,26.71,1.58,71.7,2.27,52.0,High_Carb
lima beans cooked,216.0,0.7,0.2,0.022,0.3,39.3,5.5,14.7,13.2,0.0,0.012,131.2,0.0,0.0,0.3,0.2,0.0,0.1,0.8,0.8,0.3,0.0,0.0,0.3,0.052,32.0,0.4,4.5,80.8,1.0,208.7,955.0,0.027,68.6,26.87,1.28,71.85,2.16,37.5,High_Carb
fava beans canned,182.0,0.6,0.092,0.1,0.2,31.8,0.0,14.0,9.5,0.0,1.2,205.6,0.0,0.016,0.05,0.0,0.1,2.5,0.3,0.1,4.6,0.0,0.0,0.0,66.6,0.3,2.6,81.9,0.7,202.2,619.5,0.029,1.6,129.7,30.17,1.29,68.53,1.82,41.65,High_Carb
pigeon peas cooked,203.0,0.6,0.1,0.05,0.3,39.1,0.0,11.4,11.3,0.0,0.036,115.2,0.0,0.2,0.2,0.0,0.02,1.3,0.5,0.081,0.0,0.0,0.0,0.0,72.2,0.5,1.9,77.3,0.8,199.9,645.1,0.01,1.5,136.5,22.31,1.17,76.52,2.03,39.15,High_Carb
navy beans cooked,255.0,1.1,0.2,0.3,0.9,47.4,0.7,15.0,19.1,0.0,0.4,116.1,0.0,0.4,0.3,0.0,0.1,1.2,0.5,0.3,0.0,0.0,0.08,0.002,125.6,0.4,4.3,96.5,1.0,262.1,708.0,0.012,1.9,212.5,23.62,1.73,74.65,2.55,56.15,High_Carb
mothbeans cooked,207.0,1.0,0.2,0.062,0.5,37.1,0.0,13.8,0.0,0.0,0.086,122.5,0.0,0.2,0.3,0.0,0.088,1.2,0.7,0.2,1.8,0.0,0.0,0.0,5.3,0.3,5.6,184.1,0.9,265.5,538.1,0.034,1.0,64.6,26.59,1.93,71.48,2.07,26.6,High_Carb
french beans cooked,228.0,1.3,0.1,0.046,0.8,42.5,0.0,12.5,16.6,0.0,0.003,117.8,0.0,0.0,0.2,0.1,0.0,0.1,1.0,0.4,0.2,2.1,0.0,0.0,0.0,111.5,0.2,1.9,99.1,0.7,180.5,654.9,0.041,73.3,22.2,2.31,75.49,2.28,48.6,High_Carb
adzuki beans cooked,294.0,0.2,0.067,0.021,0.024,57.0,0.0,17.3,16.8,0.0,0.079,152.5,0.0,0.0,0.3,0.3,0.0,0.1,1.6,1.0,0.2,0.0,0.0,0.0,0.0,64.4,0.7,4.6,119.6,1.3,386.4,1223.6,0.022,92.2,23.22,0.27,76.51,2.94,59.6,High_Carb
catjang cowpeas cooked,200.0,1.2,0.3,0.1,0.5,34.7,0.0,13.9,6.2,0.0,0.021,119.2,0.0,0.0,0.3,0.2,0.0,0.055,1.2,0.7,0.2,0.7,0.0,0.0,0.0,44.5,0.5,5.2,164.2,0.8,242.8,641.3,0.045,56.7,27.91,2.41,69.68,2.0,35.9,High_Carb
baby lima beans cooked,189.0,0.5,0.1,0.06,0.3,35.0,2.5,12.0,10.8,0.0,0.064,130.2,0.0,0.0,0.1,0.003,0.0,0.097,1.4,0.3,0.2,10.4,0.0,1.2,0.06,50.4,0.4,3.5,100.8,1.5,201.6,739.8,0.079,58.952,25.26,1.05,73.68,1.89,34.7,High_Carb
pinto beans canned,197.0,1.3,0.3,0.3,0.5,36.4,2.4,11.0,11.0,0.0,0.6,187.7,0.0,0.1,0.03,0.0,0.063,0.6,0.3,0.2,1.7,0.0,1.4,0.09,112.8,0.4,3.5,79.2,0.8,220.8,662.4,0.0,1.3,177.7,22.59,2.67,74.74,1.97,32.4,High_Carb
chickpeas cooked,269.0,4.2,0.4,1.0,1.9,45.0,7.9,14.5,12.5,0.0,0.08,98.7,0.0,0.2,0.3,0.0,0.1,0.9,0.5,0.2,2.1,0.0,0.6,0.024,80.4,0.6,4.7,78.7,1.7,275.5,477.2,0.031,2.5,163.4,22.76,6.59,70.64,2.69,27.75,High_Carb
mungo beans cooked,189.0,1.0,0.065,0.001,0.6,33.0,3.6,13.6,11.5,0.0,0.083,130.5,0.0,0.3,0.2,0.0,0.1,2.7,0.8,0.1,1.8,0.0,0.3,0.092,95.4,0.3,3.2,113.4,0.7,280.8,415.8,0.042,1.5,159.5,28.57,2.1,69.33,1.89,36.25,High_Carb
yardlong beans cooked,202.0,0.8,0.2,0.027,0.3,36.1,0.0,14.2,6.5,0.0,0.059,117.6,0.0,0.0,0.4,0.2,0.0,0.1,0.9,0.7,0.2,0.7,0.0,0.0,0.0,71.8,0.4,4.5,167.6,0.8,309.5,538.7,0.012,58.2,27.79,1.57,70.65,2.02,37.35,High_Carb
meat extender,275.0,2.6,0.4,0.6,1.5,33.7,0.0,33.5,15.4,0.0,0.041,6.6,0.0,0.6,0.2,0.065,0.8,19.4,1.3,1.2,0.0,0.0,0.0,0.0,179.5,0.3,10.6,190.1,0.2,562.3,1673.8,0.038,1.9,275.3,47.99,3.72,48.28,2.75,87.5,High_Protein
lamb loin cooked,202.0,14.8,6.3,6.2,1.1,0.0,0.0,16.1,0.0,64.0,0.089,33.0,0.0,0.034,0.003,0.014,0.2,4.5,0.4,0.013,0.0,0.024,0.087,0.062,12.8,0.068,1.2,15.4,0.09,125.4,209.3,0.039,2.2,44.9,52.1,47.9,0.0,2.02,17.4,High_Protein
beef rib roasted,238.0,19.1,7.7,8.2,0.7,0.0,0.0,15.4,0.0,57.0,0.01,32.0,0.0,0.049,0.075,0.031,0.1,2.5,0.2,0.2,0.0,0.037,0.2,0.015,6.7,0.086,1.6,13.4,0.062,115.9,196.3,0.01,3.9,42.8,44.64,55.36,0.0,2.38,11.7,High_Protein
mock tender steak raw,244.0,8.3,3.6,4.3,0.7,0.0,0.0,42.2,0.0,132.7,0.2,145.9,0.069,0.2,0.085,0.011,0.4,7.1,1.7,0.8,0.0,0.055,0.4,0.099,21.8,0.2,4.8,49.5,0.087,445.5,685.1,0.032,15.8,77.128,83.56,16.44,0.0,2.44,76.1,High_Protein
mock tender steak cooked,137.0,4.9,1.5,2.3,0.3,0.0,0.0,21.9,0.0,55.3,0.028,55.7,0.0,0.09,0.025,0.063,0.2,3.1,0.0,0.3,0.0,0.0,0.1,0.0,6.8,0.1,2.6,19.6,0.0,198.9,249.1,0.073,6.7,36.2,81.72,18.28,0.0,1.37,38.9,High_Protein
beef top blade cooked,184.0,10.0,3.3,4.6,0.4,0.0,0.0,21.9,0.0,51.9,0.002,52.3,0.0,0.1,0.016,0.095,0.2,3.2,0.8,0.3,0.0,0.0,0.1,0.0,6.0,0.057,2.3,20.4,0.0,181.9,254.2,0.098,7.4,40.2,68.65,31.35,0.0,1.84,33.8,High_Protein
beef shoulder steak grilled,155.0,5.8,2.5,3.0,0.6,0.0,0.0,24.0,0.0,68.9,0.014,54.4,0.063,0.083,0.043,0.055,0.2,4.7,0.7,0.6,0.0,0.012,0.072,0.067,10.2,0.056,2.5,21.3,0.03,208.3,311.1,0.084,6.8,42.589,80.54,19.46,0.0,1.55,42.2,High_Protein
porterhouse steak cooked,235.0,16.4,6.2,7.4,0.6,0.0,0.0,20.4,0.0,57.0,0.085,46.5,0.0,0.099,0.069,0.024,0.2,3.6,0.3,0.3,0.0,0.0,0.2,0.0,6.0,0.1,2.5,18.7,0.095,164.1,254.2,0.087,3.9,45.3,55.43,44.57,0.0,2.35,24.4,High_Protein
pastrami beef,104.0,4.1,1.9,1.5,0.1,0.3,0.08,15.5,0.0,48.3,0.8,49.4,0.0,0.084,0.031,0.072,0.1,3.0,0.2,0.2,0.2,0.09,0.085,0.038,7.1,0.024,1.6,12.1,0.048,124.3,149.1,0.075,3.5,28.8,77.89,20.6,1.51,1.04,26.74,High_Protein
lebanon bologna,98.0,6.0,1.6,2.5,0.1,0.3,0.0,10.8,0.0,31.4,0.8,37.5,0.052,0.066,0.024,0.093,0.051,1.8,0.2,0.2,0.5,0.065,0.3,0.073,11.4,0.093,1.2,11.4,0.002,109.4,188.1,0.059,2.2,30.243,63.16,35.09,1.75,0.98,15.6,High_Protein
ground emu cooked,178.0,5.1,1.4,2.1,0.7,0.0,0.0,31.0,0.0,94.8,0.025,71.8,0.2,0.0,0.3,0.038,0.014,0.6,9.7,3.4,0.9,0.0,0.0,0.3,0.044,8.7,0.3,5.5,31.6,0.085,293.2,408.8,0.044,37.595,85.87,14.13,0.0,1.78,56.9,High_Protein
ostrich leg raw,94.0,1.5,0.5,0.5,0.3,0.0,0.0,19.0,0.0,56.1,0.067,64.6,0.0,0.2,0.034,0.097,0.3,4.1,1.0,0.4,0.0,0.0,0.2,0.0,4.3,0.1,2.0,18.7,0.06,187.0,272.0,0.026,3.3,26.8,92.68,7.32,0.0,0.94,36.5,High_Protein
ostrich strip raw,108.0,2.4,0.8,1.0,0.5,0.0,0.0,20.1,0.0,62.1,0.086,63.0,0.0,0.2,0.011,0.03,0.3,4.4,1.1,0.5,0.0,0.0,0.2,0.0,4.3,0.1,3.6,19.6,0.088,192.1,280.5,0.005,3.4,30.4,89.33,10.67,0.0,1.08,37.8,High_Protein
ostrich tenderloin raw,105.0,2.7,1.0,1.0,0.6,0.0,0.0,18.8,0.0,68.0,0.005,63.3,0.0,0.2,0.1,0.049,0.2,4.1,1.0,0.4,0.0,0.0,0.2,0.0,5.1,0.1,4.1,18.7,0.019,187.0,272.0,0.087,3.3,30.7,87.44,12.56,0.0,1.05,34.9,High_Protein
ground emu raw,157.0,4.7,1.2,1.9,0.7,0.0,0.0,26.6,0.0,80.7,0.062,85.3,0.0,0.3,0.073,0.051,0.5,8.8,3.2,0.8,0.0,0.0,0.3,0.0,8.2,0.2,4.7,28.1,0.02,259.7,374.4,0.061,4.1,44.2,84.98,15.02,0.0,1.57,48.5,High_Protein
ground ostrich raw,180.0,9.5,2.4,2.9,1.0,0.0,0.0,22.0,0.0,77.4,0.021,77.5,0.0,0.2,0.071,0.032,0.3,4.8,1.2,0.5,0.0,0.0,0.3,0.0,7.6,0.1,3.2,21.8,0.025,216.9,317.2,0.067,3.8,42.3,69.84,30.16,0.0,1.8,34.5,High_Protein
ostrich tip cooked,123.0,2.2,0.9,0.8,0.4,0.0,0.0,24.2,0.0,72.3,0.086,58.2,0.0,0.2,0.02,0.077,0.2,6.1,1.1,0.5,0.0,0.0,0.2,0.0,5.1,0.1,2.4,21.3,0.013,213.4,307.7,0.019,4.1,33.9,91.67,8.33,0.0,1.23,46.2,High_Protein
caribou cooked,210.0,6.4,2.5,2.0,1.0,0.0,0.0,38.0,0.0,141.2,0.004,86.4,0.1,0.4,0.055,0.032,1.1,7.8,2.0,0.5,0.0,0.0,1.2,0.009,6.6,0.4,6.3,31.7,0.049,283.8,323.4,0.073,5.7,57.4,85.59,14.41,0.0,2.1,69.6,High_Protein
ground ostrich cooked,163.0,6.6,1.7,2.0,0.7,0.0,0.0,24.3,0.0,77.2,0.099,62.4,0.2,0.0,0.2,0.045,0.044,0.2,6.1,1.1,0.5,0.0,0.033,0.2,0.0,7.4,0.1,3.2,21.4,0.076,208.3,300.4,0.033,31.712,78.64,21.36,0.0,1.63,42.0,High_Protein
ostrich leg cooked,120.0,1.6,0.6,0.6,0.3,0.0,0.0,24.7,0.0,62.1,0.016,59.5,0.0,0.2,0.074,0.023,0.3,6.2,1.1,0.5,0.0,0.0,0.2,0.0,5.1,0.1,2.7,21.3,0.035,207.4,299.2,0.05,4.0,34.1,93.92,6.08,0.0,1.2,47.8,High_Protein
ostrich top loin cooked,132.0,3.3,1.1,1.1,0.3,0.0,0.0,23.9,0.0,79.1,0.029,57.8,0.1,0.0,0.2,0.082,0.062,0.2,6.0,1.1,0.5,0.0,0.0,0.2,0.046,5.1,0.1,2.8,21.3,0.075,208.3,300.1,0.017,27.982,87.87,12.13,0.0,1.32,44.5,High_Protein
ostrich strip cooked,139.0,3.6,1.5,1.5,0.6,0.0,0.0,25.0,0.0,82.5,0.034,56.6,0.0,0.2,0.012,0.081,0.3,6.3,1.2,0.5,0.0,0.0,0.2,0.0,4.3,0.1,4.1,22.1,0.013,215.1,311.1,0.018,4.2,37.0,87.41,12.59,0.0,1.39,46.4,High_Protein
ostrich tip raw,97.0,2.0,0.7,0.7,0.4,0.0,0.0,18.6,0.0,61.2,0.041,64.7,0.0,0.2,0.099,0.017,0.2,4.0,1.0,0.4,0.0,0.0,0.2,0.0,4.3,0.1,2.4,18.7,0.034,181.1,263.5,0.033,3.2,27.3,90.29,9.71,0.0,0.97,35.2,High_Protein
ostrich round raw,99.0,2.0,0.7,0.7,0.4,0.0,0.0,18.7,0.0,60.4,0.074,64.3,0.0,0.2,0.087,0.012,0.2,4.0,1.0,0.4,0.0,0.0,0.2,0.0,4.3,0.1,3.0,18.7,0.018,183.6,267.8,0.073,3.2,28.0,90.34,9.66,0.0,0.99,35.4,High_Protein
ground bison raw,124.0,6.1,2.5,2.3,0.3,0.099,0.0,17.2,0.0,46.8,0.042,60.9,0.0,0.1,0.02,0.008,0.2,4.5,0.0,0.3,0.0,0.0,0.2,0.023,9.4,0.1,2.4,17.9,0.0,164.9,278.8,0.014,3.9,35.102,73.51,26.07,0.42,1.24,28.3,High_Protein
ostrich fan raw,99.0,2.3,0.8,0.8,0.4,0.0,0.0,18.5,0.0,62.1,0.04,64.5,0.0,0.2,0.045,0.09,0.2,4.0,1.0,0.4,0.0,0.0,0.2,0.0,5.1,0.1,3.7,18.7,0.018,179.4,261.8,0.003,3.2,29.6,88.94,11.06,0.0,0.99,34.7,High_Protein
ostrich top loin raw,101.0,2.5,1.0,0.9,0.5,0.0,0.0,18.4,0.0,63.8,0.073,64.0,0.0,0.2,0.042,0.032,0.2,4.0,1.0,0.4,0.0,0.0,0.2,0.0,5.1,0.1,2.7,18.7,0.082,181.9,265.2,0.099,3.2,28.7,88.04,11.96,0.0,1.01,34.3,High_Protein
turkey liver cooked,100.0,4.3,1.2,0.6,1.1,0.0,0.0,14.3,0.0,343.4,0.083,33.9,5.7,0.1,0.4,0.096,1.4,5.9,2.3,0.5,12.0,0.0,0.083,0.068,10.1,0.6,0.9,13.8,0.2,165.4,81.1,0.022,2.4,47.3,76.88,23.12,0.0,1.0,24.3,High_Protein
chicken gizzard cooked,223.0,3.9,1.0,0.8,0.5,0.0,0.0,44.1,0.0,536.5,0.069,98.5,0.0,0.094,0.074,0.095,0.3,4.5,0.7,0.1,0.0,0.0,0.3,0.0,24.7,0.2,4.6,4.4,0.1,274.1,259.6,0.047,6.4,77.3,91.87,8.13,0.0,2.23,84.3,High_Protein
chicken heart cooked,268.0,11.5,3.3,2.9,3.3,0.1,0.0,38.3,0.0,350.9,0.081,94.0,0.033,0.1,0.1,0.034,1.1,4.1,3.8,0.5,2.6,0.0,0.0,0.0,27.6,0.7,13.1,29.0,0.2,288.6,191.4,0.027,10.6,93.286,76.75,23.05,0.2,2.68,65.1,High_Protein
chicken liver cooked,76.0,2.8,0.9,0.6,0.6,0.5,0.0,11.3,0.0,248.2,0.079,28.7,0.006,1.9,0.1,0.2,0.015,1.0,6.1,3.7,0.4,1.2,0.0,0.3,0.0,4.4,0.2,5.7,11.9,0.2,194.5,138.6,0.052,15.238,77.4,19.18,3.42,0.76,19.8,High_Protein
turkey gizzard cooked,70.0,2.1,0.5,0.4,0.3,0.0,0.0,11.9,0.0,203.4,0.031,31.1,0.091,0.03,0.045,0.067,0.2,2.9,0.2,0.027,2.8,0.0,0.025,0.0,7.7,0.1,1.7,9.5,0.063,84.2,86.9,0.033,1.8,26.231,85.0,15.0,0.0,0.7,21.7,High_Protein
beef liver cooked,130.0,3.6,1.2,0.4,0.4,3.5,0.0,19.8,0.0,269.3,0.068,40.0,0.2,6.4,0.1,0.2,0.01,2.3,11.9,4.8,0.7,1.3,0.034,0.3,0.07,4.1,9.7,4.4,14.3,0.2,338.0,239.4,0.023,37.539,73.61,13.38,13.01,1.3,36.0,High_Protein
goose liver,125.0,4.0,1.5,0.8,0.2,5.9,0.0,15.4,0.0,484.1,0.1,67.5,8.8,0.5,0.7,0.022,0.8,6.1,5.8,0.7,4.2,0.0,0.0,0.0,40.4,7.1,28.7,22.6,0.0,245.3,216.2,0.067,2.9,107.4,60.87,15.81,23.32,1.25,26.8,High_Protein
pork kidneys cooked,211.0,6.6,2.1,2.2,0.5,0.0,0.0,35.6,0.0,672.0,0.1,96.2,0.1,0.6,0.098,0.028,2.2,8.1,4.0,0.6,14.8,0.0,0.0,0.0,18.2,1.0,7.4,25.2,0.2,336.0,200.2,0.4,5.8,82.7,84.36,15.64,0.0,2.11,64.6,High_Protein
pork heart cooked,215.0,7.3,1.9,1.7,1.9,0.6,0.0,34.2,0.0,320.5,0.053,98.7,0.017,0.8,0.023,0.0,2.5,8.8,3.6,0.6,2.9,0.0,0.0,0.0,10.2,0.7,8.5,34.8,0.1,258.1,298.7,0.082,4.5,63.745,81.24,17.34,1.43,2.15,61.1,High_Protein
turkey giblets cooked,164.0,6.3,1.6,1.0,1.5,0.0,0.0,25.1,0.0,495.0,0.1,63.3,0.095,4.4,0.2,0.3,0.063,1.5,8.2,2.2,0.5,0.0,0.0,0.1,0.014,17.1,0.7,3.2,23.8,0.2,236.6,168.2,0.072,32.643,79.94,20.06,0.0,1.64,43.9,High_Protein
veal liver cooked,154.0,5.0,1.6,0.9,0.9,3.0,0.0,22.7,0.0,408.8,0.046,47.9,0.2,16.9,0.1,0.3,0.09,2.3,10.5,5.2,0.7,0.9,0.0,0.5,0.043,4.8,12.0,4.1,16.0,0.2,368.0,263.2,0.043,43.638,73.94,16.29,9.77,1.54,40.4,High_Protein
pork lungs cooked,297.0,9.3,3.3,2.1,1.1,0.0,0.0,49.8,0.0,1161.0,0.2,240.0,0.0,0.2,0.069,0.049,1.0,4.1,2.0,0.2,23.7,0.0,0.0,0.0,24.0,0.2,49.2,36.0,0.029,558.0,453.0,0.085,7.4,156.0,84.26,15.74,0.0,2.97,90.3,High_Protein
pork meat cooked,283.0,14.1,4.4,6.8,2.1,0.0,0.0,14.1,0.0,112.6,0.7,79.2,0.02,0.8,0.0,0.044,0.3,11.0,0.7,0.7,0.0,0.095,0.0,0.0,10.7,0.082,0.7,41.5,0.077,369.8,615.1,0.048,2.6,39.657,50.0,50.0,0.0,2.83,14.1,High_Protein
pork sirloin chops cooked,140.0,4.5,1.5,1.8,0.8,0.0,0.0,23.3,0.0,65.6,0.001,53.9,0.075,0.075,0.5,0.0,0.07,0.2,6.4,0.8,0.4,0.0,0.01,0.1,0.0,9.0,0.012,0.6,20.5,0.073,238.6,337.0,0.043,28.239,83.81,16.19,0.0,1.4,42.1,High_Protein
pork country style ribs raw,242.0,15.1,3.0,3.5,1.2,0.0,0.0,24.8,0.0,94.7,0.061,87.3,0.009,0.5,0.0,0.055,0.3,3.9,2.1,0.7,0.0,0.028,0.3,0.0,28.2,0.023,1.1,26.9,0.072,247.0,407.0,0.048,3.6,69.223,62.16,37.84,0.0,2.42,34.5,High_Protein
pork leg cap steak raw,284.0,7.8,2.7,3.9,1.2,0.0,0.0,50.0,0.0,145.5,0.2,173.7,0.0,1.2,0.004,0.072,1.0,16.4,1.9,1.3,0.0,0.0,0.2,0.0,16.2,0.1,1.9,50.8,0.069,478.2,843.2,0.009,7.3,75.9,86.51,13.49,0.0,2.84,92.2,High_Protein
pork blade chops cooked,265.0,14.6,4.3,5.1,1.9,1.1,0.0,32.4,0.0,100.9,0.072,81.4,0.069,0.8,0.0,0.068,0.3,10.1,1.5,0.7,0.0,0.028,0.3,0.0,10.5,0.1,1.2,31.4,0.076,355.0,533.2,0.085,3.0,59.882,67.36,30.35,2.29,2.65,50.2,High_Protein
pork top loin chops raw,287.0,12.8,4.5,5.5,1.6,0.0,0.0,39.9,0.0,124.0,0.099,130.2,0.074,1.2,0.0,0.087,0.3,14.8,1.3,1.3,0.0,0.089,0.2,0.0,13.0,0.1,0.9,48.1,0.02,418.1,690.1,0.096,2.9,66.684,75.71,24.29,0.0,2.87,67.0,High_Protein
ham steak,70.0,2.4,0.8,1.1,0.3,0.0,0.0,11.1,0.0,25.7,0.7,41.2,0.0,0.5,0.064,0.08,0.1,2.9,0.4,0.2,18.4,0.0,0.0,0.0,2.3,0.05,0.6,10.8,0.011,148.2,185.3,0.068,1.2,34.8,82.22,17.78,0.0,0.7,19.8,High_Protein
pork top loin chops cooked,270.0,11.2,4.3,4.9,1.7,0.0,0.0,39.4,0.0,97.2,0.064,84.3,0.062,0.02,0.7,0.0,0.067,0.3,13.4,1.4,0.7,0.0,0.043,0.3,0.0,16.2,0.1,1.2,31.1,0.052,298.4,352.4,0.079,51.481,77.87,22.13,0.0,2.7,67.6,High_Protein
pork centre rib roasts raw,275.0,9.7,3.3,4.0,1.1,0.0,0.0,44.0,0.0,113.1,0.1,146.2,0.0,1.0,0.0,0.094,0.4,13.5,1.5,1.5,0.0,0.072,0.3,0.0,48.5,0.1,1.2,50.5,0.053,436.3,725.2,0.05,4.0,103.4,81.94,18.06,0.0,2.75,78.3,High_Protein
pork loin raw,232.0,14.7,5.1,6.6,1.6,0.0,0.0,23.1,0.0,73.7,0.003,78.3,0.049,1.1,0.013,0.019,0.3,5.4,0.8,0.6,0.7,0.044,0.2,0.0,21.1,0.037,0.9,24.6,0.066,230.5,416.5,0.013,2.0,60.563,61.11,38.89,0.0,2.32,31.5,High_Protein
ham raw,266.0,18.2,6.0,8.7,2.1,0.046,0.0,23.8,0.0,54.6,1.5,93.2,0.0,1.3,0.021,0.034,0.3,4.5,0.6,0.7,0.0,0.054,0.3,0.0,8.4,0.075,1.2,19.6,0.063,245.0,442.4,0.065,2.3,51.697,56.6,43.29,0.11,2.66,29.4,High_Protein
pork skin,154.0,8.9,3.2,4.2,1.0,0.0,0.0,17.3,0.0,26.9,0.5,0.5,0.037,0.009,0.0,0.036,0.034,0.4,0.1,0.096,0.1,0.0,0.1,0.0,8.5,0.033,0.2,3.1,0.066,24.1,35.9,0.062,0.2,35.03,66.03,33.97,0.0,1.54,25.7,High_Protein
pork country style ribs cooked,235.0,15.2,5.4,6.6,1.8,0.0,0.0,22.8,0.0,88.6,0.049,46.4,0.098,0.4,0.0,0.016,0.2,4.8,1.2,0.4,0.0,0.09,0.1,0.0,29.2,0.072,1.2,19.8,0.025,173.7,247.7,0.026,3.6,68.402,60.0,40.0,0.0,2.35,30.4,High_Protein
pork tenderloin cooked,153.0,6.2,2.2,2.5,0.6,0.0,0.0,22.7,0.0,71.4,0.091,46.4,0.017,0.7,0.051,0.014,0.3,3.8,0.7,0.4,0.8,0.0,0.0,0.0,3.8,0.045,1.1,26.6,0.072,220.4,337.4,0.082,2.2,34.679,78.55,21.45,0.0,1.53,39.2,High_Protein
pork loin cooked,213.0,12.1,4.5,5.4,1.0,0.0,0.0,24.2,0.0,71.2,0.077,51.9,0.008,0.6,0.066,0.024,0.2,3.9,0.6,0.3,0.5,0.007,0.2,0.0,18.7,0.006,1.0,16.9,0.033,161.1,332.9,0.02,2.1,56.575,66.67,33.33,0.0,2.13,36.3,High_Protein
pork ears cooked,184.0,12.0,4.3,5.5,1.3,0.2,0.0,17.7,0.0,99.9,0.2,80.6,0.0,0.004,0.0,0.0,0.07,0.6,0.051,0.066,0.0,0.0,0.0,0.0,20.0,0.086,1.7,7.8,0.086,26.6,44.4,0.044,0.2,51.6,59.2,40.13,0.67,1.84,23.4,High_Protein
ground turkey raw,169.0,8.7,2.3,3.0,2.5,0.0,0.0,22.4,0.0,78.7,0.047,82.5,0.041,0.037,0.073,0.08,0.2,7.7,1.1,0.6,0.0,0.086,0.1,0.0,21.7,0.1,1.2,26.2,0.096,228.0,270.2,0.025,2.7,54.095,72.03,27.97,0.0,1.69,36.1,High_Protein
turkey roast roasted,209.0,7.8,2.6,1.6,2.2,4.1,0.0,28.8,0.0,71.6,0.9,91.6,0.0,0.058,0.054,0.079,0.2,8.5,1.1,0.4,0.0,0.084,0.5,0.09,6.8,0.037,2.2,29.7,0.066,329.4,402.3,0.081,3.4,49.7,70.76,19.16,10.07,2.09,49.8,High_Protein
turkey taco meat cooked,271.0,13.9,3.2,4.7,3.9,5.5,0.0,30.7,0.0,129.9,1.2,128.1,0.0,0.1,0.051,0.062,0.6,5.5,1.1,0.5,0.0,0.0,0.5,0.089,126.3,0.072,3.3,49.4,0.3,329.4,543.5,0.067,4.6,179.7,61.28,27.74,10.98,2.71,47.5,High_Protein
chicken drumstick fried,193.0,11.3,3.0,4.6,2.7,6.0,0.0,15.8,0.2,61.9,0.2,38.0,0.028,0.049,0.065,0.061,0.2,3.7,1.2,0.2,0.0,0.0,0.0,0.0,12.2,0.063,1.0,14.4,0.004,105.8,133.9,0.018,1.7,46.519,47.73,34.14,18.13,1.93,20.6,High_Protein
chicken wing roasted,216.0,14.3,4.2,6.6,3.1,0.0,0.0,20.2,0.0,119.9,0.039,50.5,0.073,0.017,0.005,0.069,0.08,0.1,5.4,0.8,0.5,0.0,0.094,0.6,0.024,15.3,0.092,0.7,16.2,0.095,125.0,180.2,0.032,35.155,58.55,41.45,0.0,2.16,26.1,High_Protein
chicken breast cooked,114.0,4.5,1.3,1.8,1.0,0.0,0.0,17.3,0.0,48.7,0.058,36.2,0.08,0.018,0.092,0.074,0.056,7.4,0.5,0.3,0.0,0.019,0.2,0.004,8.1,0.012,0.6,15.7,0.024,124.1,142.1,0.046,0.6,30.552,79.36,20.64,0.0,1.14,30.1,High_Protein
chicken drumstick raw,211.0,12.4,3.3,4.9,2.6,0.1,0.0,23.4,0.0,122.4,0.1,96.4,0.067,0.1,0.039,0.042,0.2,6.4,1.4,0.4,0.0,0.044,0.3,0.007,13.3,0.039,0.8,26.6,0.064,220.8,296.6,0.063,2.6,50.075,65.18,34.54,0.28,2.11,34.4,High_Protein
turkey meat roasted,284.0,11.1,3.2,4.0,3.2,0.031,0.0,42.8,0.0,163.5,0.2,95.3,0.004,0.073,0.083,0.019,0.4,14.4,1.4,0.9,0.0,0.091,0.1,0.0,21.0,0.1,1.6,45.0,0.053,334.5,358.5,0.022,3.7,76.629,79.36,20.58,0.06,2.84,74.5,High_Protein
chicken breast raw,299.0,16.1,4.6,6.6,3.4,0.0,0.0,36.3,0.0,111.4,0.1,120.9,0.026,0.1,0.082,0.057,0.1,17.2,1.4,0.9,0.0,0.053,0.5,0.0,19.1,0.003,1.3,43.5,0.017,302.8,382.8,0.029,1.4,72.834,69.27,30.73,0.0,2.99,56.5,High_Protein
profeel proteiinirahka valio,140.0,0.4,0.2,16.8,16.8,19.3,0.2,175.0,0.0,0.0,0.0,0.0,0.0,0.0,0.0,0.0,0.0,0.0,0.0,0.0,0.0,0.0,0.0,0.0,0.0,0.0,0.0,0.0,0.0,0.0,0.0,0.0,0.0,194.7,89.88,0.21,9.91,1.4,349.2,High_Protein
cottage cheese low fat,163.0,2.3,1.5,0.7,0.041,6.1,6.1,28.0,0.0,9.0,0.9,186.4,0.021,0.081,0.005,0.072,0.4,0.3,0.5,0.2,0.0,0.0,0.035,0.024,137.9,0.005,0.3,11.3,0.041,302.8,194.4,0.055,0.9,174.683,76.92,6.32,16.76,1.63,41.5,High_Protein
cottage cheese nonfat,104.0,0.4,0.2,0.1,0.066,9.7,2.7,15.0,0.0,10.2,0.5,117.5,0.093,0.063,0.013,0.006,0.3,0.2,0.6,0.039,0.0,0.0,0.096,0.0,124.7,0.071,0.2,16.0,0.063,275.5,198.7,0.063,0.7,150.072,59.76,1.59,38.65,1.04,24.2,High_Protein
vanilla yogurt low fat,208.0,3.1,2.0,0.8,0.036,33.8,33.8,12.1,0.0,12.3,0.2,193.6,0.051,0.1,0.054,0.01,0.5,0.3,1.4,0.1,2.0,0.0,0.029,0.024,419.0,0.012,0.2,39.2,0.023,330.8,536.6,0.049,2.0,470.265,24.69,6.33,68.98,2.08,-46.5,High_Carb
yogurt low fat,154.0,3.8,2.5,1.0,0.1,17.2,17.2,12.9,0.0,14.7,0.2,208.4,0.021,0.1,0.045,0.034,0.5,0.3,1.4,0.1,2.0,0.0,0.007,0.007,448.4,0.005,0.2,41.7,0.039,352.8,573.3,0.071,2.2,484.517,38.05,11.21,50.74,1.54,-12.4,High_Carb
greek yogurt,100.0,0.7,0.2,0.018,0.01,6.1,5.5,17.3,0.0,8.5,0.081,144.7,0.035,0.009,0.045,0.036,0.5,0.4,0.6,0.1,0.0,0.0,0.089,0.01,187.0,0.021,0.1,18.7,0.004,229.5,239.7,0.032,0.9,211.251,71.78,2.9,25.31,1.0,22.9,High_Protein
smoothie high protein creamy chocolate slimfast,110.0,3.5,0.5,0.0,0.0,2.1,1.0,12.0,0.0,5.0,0.2,15.0,45.0,25.0,100.0,25.0,35.0,25.0,0.0,0.0,0.0,0.0,0.0,0.0,0.0,0.0,0.0,0.0,0.0,0.0,0.0,0.0,0.0,62.6,68.18,19.89,11.93,1.1,18.5,High_Protein
lupins cooked,193.0,4.8,0.6,2.0,1.2,15.4,0.0,25.8,4.6,0.0,0.4,118.0,0.0,0.2,0.083,0.0,0.071,0.8,0.3,0.016,1.8,0.0,0.0,0.0,84.7,0.4,2.0,89.6,1.1,212.5,406.7,0.084,2.3,139.1,56.09,10.43,33.48,1.93,53.7,High_Protein
green soybean cooked,127.0,5.8,0.7,1.1,2.7,9.9,0.0,11.1,3.8,0.0,0.2,61.7,0.0,0.0,0.2,0.01,0.0,0.1,1.1,0.1,0.007,15.3,0.0,0.0,0.0,130.5,0.1,2.3,54.0,0.5,142.2,485.1,0.0,30.78,41.42,21.64,36.94,1.27,22.1,High_Protein
soy proteins isolate,96.0,1.0,0.1,0.2,0.5,2.1,0.0,22.8,1.6,0.0,0.3,1.4,0.0,0.037,0.01,0.0,0.085,0.4,0.079,0.006,0.0,0.0,0.0,0.0,50.4,0.5,4.1,11.0,0.4,219.6,22.9,0.011,1.1,82.0,88.03,3.86,8.11,0.96,47.0,High_Protein
meatless meatloaf,110.0,5.0,0.8,1.2,2.6,4.5,0.7,11.8,2.6,0.0,0.3,32.5,0.0,0.5,0.066,0.062,0.3,5.6,0.0,0.7,0.0,0.0,1.0,0.0,16.2,0.4,1.2,10.1,0.0,192.6,100.8,0.02,1.0,41.3,55.4,23.47,21.13,1.1,21.1,High_Protein
soybean cooked,296.0,15.4,2.2,3.4,8.7,17.1,5.2,28.6,10.3,0.0,0.075,107.6,0.0,0.0,0.3,0.022,0.0,0.5,0.7,0.3,0.4,2.9,0.0,0.6,0.099,175.4,0.7,8.8,147.9,1.4,421.4,885.8,0.064,72.517,46.81,25.2,27.99,2.96,46.85,High_Protein
tofu raw,188.0,11.9,1.7,2.6,6.7,4.7,0.0,20.0,0.7,0.0,0.06,209.7,0.0,0.2,0.096,0.0,0.1,0.5,0.2,0.1,0.2,0.0,0.0,0.0,868.0,0.5,13.3,74.4,1.5,240.6,300.1,0.005,2.0,918.8,54.64,32.51,12.84,1.88,29.15,High_Protein
soy proteins concentrate,93.0,0.1,0.04,0.092,0.099,7.2,0.0,18.0,1.6,0.0,0.3,1.6,0.0,0.076,0.087,0.0,0.078,0.2,0.007,0.015,0.0,0.0,0.0,0.0,102.7,0.3,3.1,39.6,1.2,237.4,127.4,0.019,1.2,132.7,71.15,0.4,28.46,0.93,38.3,High_Protein
meatless meatballs,284.0,13.0,2.1,3.2,6.7,11.5,1.8,30.2,6.6,0.0,0.8,83.5,0.0,1.4,0.1,0.073,0.3,3.6,0.7,0.3,0.0,0.0,2.5,0.0,36.0,1.0,3.1,25.9,0.0,495.4,259.2,0.016,2.6,100.4,55.21,23.77,21.02,2.84,53.7,High_Protein
natto,169.0,8.8,1.3,1.9,5.0,11.5,3.9,14.2,4.3,0.0,0.026,44.0,0.0,0.0,0.1,0.089,0.0,0.2,0.0,0.2,0.1,10.4,0.0,0.009,0.085,173.6,0.5,6.9,92.0,1.2,139.2,583.2,0.033,39.429,41.16,25.51,33.33,1.69,18.25,High_Protein
split peas cooked,227.0,0.8,0.1,0.2,0.3,40.2,5.7,16.3,16.3,0.0,0.5,136.2,0.0,0.4,0.1,0.0,0.1,1.7,1.2,0.086,0.8,0.0,0.028,0.063,27.4,0.4,2.5,70.6,0.8,194.0,709.5,0.059,2.0,104.3,28.45,1.4,70.16,2.27,44.85,High_Carb
tomato paste canned,215.0,1.2,0.3,0.2,0.4,49.5,31.9,11.3,10.7,0.0,2.1,192.6,0.0,0.2,0.018,0.0,0.4,8.1,0.4,0.6,57.4,0.0,11.3,0.005,94.3,1.0,7.8,110.0,0.8,217.5,2656.7,0.07,1.7,232.2,18.23,1.94,79.84,2.15,-26.35,High_Carb
caesar salad with grilled chicken mcdonalds,201.0,5.6,3.0,1.5,0.6,11.3,4.8,29.1,3.3,71.0,0.6,245.5,0.0,0.2,0.0,0.0,0.2,11.3,1.5,0.0,31.4,0.0,0.0,0.0,189.4,0.0,1.8,0.0,0.0,0.0,754.8,0.0,0.0,271.9,63.26,12.17,24.57,2.01,47.95,High_Protein
vegetable salad with chicken,70.0,1.5,0.4,0.5,0.4,2.5,0.0,11.6,0.0,47.9,0.1,126.5,0.077,0.034,0.032,0.056,0.068,3.9,0.4,0.3,11.6,0.0,0.0,0.0,24.7,0.08,0.7,21.8,0.2,113.3,297.9,0.014,0.6,52.69,74.36,9.62,16.03,0.7,21.7,High_Protein
